# VG;DATA INICIO OP.;TIPO TRUQUE;TIPO RODA;PAD?;PROC. FAB. RODA;DUR. RODA [HB];DATA MED.;KM;CLASSE VIDA ARO;TAPE INI.;TROCA ROD?;POS. ROR.;"ID (""CPF"") PL"
HPT 031848-5;42220;Ride Master;K36;ADAPTER PLUS;FUNDIDA;345;43606;404231;NOVA;242;NÃO;1R;43606_HPT_0318485_1R
HPT 031848-5;42220;Ride Master;K36;ADAPTER PLUS;FUNDIDA;347;43606;404231;NOVA;242;NÃO;2R;43606_HPT_0318485_2R
HPT 031848-5;42220;Ride Master;K36;ADAPTER PLUS;FUNDIDA;376;43606;404231;NOVA;242;NÃO;3R;43606_HPT_0318485_3R
HPT 031848-5;42220;Ride Master;K36;ADAPTER PLUS;FUNDIDA;341;43606;404231;NOVA;241;NÃO;4R;43606_HPT_0318485_4R
HPT 031848-5;42220;Ride Master;K36;ADAPTER PLUS;FUNDIDA;340;43606;404231;NOVA;241;NÃO;4L;43606_HPT_0318485_4L
HPT 031848-5;42220;Ride Master;K36;ADAPTER PLUS;FUNDIDA;375;43606;404231;NOVA;242;NÃO;3L;43606_HPT_0318485_3L
HPT 031848-5;42220;Ride Master;K36;ADAPTER PLUS;FUNDIDA;349;43606;404231;NOVA;242;NÃO;2L;43606_HPT_0318485_2L
HPT 031848-5;42220;Ride Master;K36;ADAPTER PLUS;FUNDIDA;342;43606;404231;NOVA;242;NÃO;1L;43606_HPT_0318485_1L
HPT 031774-8;42205;Ride Master;K36;ADAPTER PLUS;FUNDIDA;340;43662;368109;NOVA;239;NÃO;1R;43662_HPT_0317748_1R
HPT 031774-8;42205;Ride Master;K36;ADAPTER PLUS;FUNDIDA;342;43662;368109;NOVA;238;NÃO;2R;43662_HPT_0317748_2R
HPT 031774-8;42205;Ride Master;K36;ADAPTER PLUS;FUNDIDA;343;43662;368109;NOVA;239;NÃO;3R;43662_HPT_0317748_3R
HPT 031774-8;42205;Ride Master;K36;ADAPTER PLUS;FUNDIDA;349;43662;368109;NOVA;239;NÃO;4R;43662_HPT_0317748_4R
HPT 031774-8;42205;Ride Master;K36;ADAPTER PLUS;FUNDIDA;358;43662;368109;NOVA;239;NÃO;4L;43662_HPT_0317748_4L
HPT 031774-8;42205;Ride Master;K36;ADAPTER PLUS;FUNDIDA;363;43662;368109;NOVA;239;NÃO;3L;43662_HPT_0317748_3L
HPT 031774-8;42205;Ride Master;K36;ADAPTER PLUS;FUNDIDA;342;43662;368109;NOVA;238;NÃO;2L;43662_HPT_0317748_2L
HPT 031774-8;42205;Ride Master;K36;ADAPTER PLUS;FUNDIDA;341;43662;368109;NOVA;239;NÃO;1L;43662_HPT_0317748_1L
HPT 031874-4;42226;Ride Master;K36;ADAPTER PLUS;FUNDIDA;347;43663;423520;NOVA;241;NÃO;1R;43663_HPT_0318744_1R
HPT 031874-4;42226;Ride Master;K36;ADAPTER PLUS;FUNDIDA;341;43663;423520;NOVA;241;NÃO;2R;43663_HPT_0318744_2R
HPT 031874-4;42226;Ride Master;K36;ADAPTER PLUS;FUNDIDA;341;43663;423520;NOVA;241;NÃO;3R;43663_HPT_0318744_3R
HPT 031874-4;42226;Ride Master;K36;ADAPTER PLUS;FUNDIDA;341;43663;423520;NOVA;241;NÃO;4R;43663_HPT_0318744_4R
HPT 031874-4;42226;Ride Master;K36;ADAPTER PLUS;FUNDIDA;340;43663;423520;NOVA;241;NÃO;4L;43663_HPT_0318744_4L
HPT 031874-4;42226;Ride Master;K36;ADAPTER PLUS;FUNDIDA;341;43663;423520;NOVA;241;NÃO;3L;43663_HPT_0318744_3L
HPT 031874-4;42226;Ride Master;K36;ADAPTER PLUS;FUNDIDA;340;43663;423520;NOVA;241;NÃO;2L;43663_HPT_0318744_2L
HPT 031874-4;42226;Ride Master;K36;ADAPTER PLUS;FUNDIDA;348;43663;423520;NOVA;241;NÃO;1L;43663_HPT_0318744_1L
HPT 031885-0;42228;Ride Master;K36;ADAPTER PLUS;FUNDIDA;350;43662;404941;NOVA;238;NÃO;1R;43662_HPT_0318850_1R
HPT 031885-0;42228;Ride Master;K36;ADAPTER PLUS;FUNDIDA;363;43662;404941;NOVA;238;NÃO;2R;43662_HPT_0318850_2R
HPT 031885-0;42228;Ride Master;K36;ADAPTER PLUS;FUNDIDA;355;43662;404941;NOVA;239;NÃO;3R;43662_HPT_0318850_3R
HPT 031885-0;42228;Ride Master;K36;ADAPTER PLUS;FUNDIDA;341;43662;404941;NOVA;239;NÃO;4R;43662_HPT_0318850_4R
HPT 031885-0;42228;Ride Master;K36;ADAPTER PLUS;FUNDIDA;341;43662;404941;NOVA;239;NÃO;4L;43662_HPT_0318850_4L
HPT 031885-0;42228;Ride Master;K36;ADAPTER PLUS;FUNDIDA;363;43662;404941;NOVA;239;NÃO;3L;43662_HPT_0318850_3L
HPT 031885-0;42228;Ride Master;K36;ADAPTER PLUS;FUNDIDA;346;43662;404941;NOVA;238;NÃO;2L;43662_HPT_0318850_2L
HPT 031885-0;42228;Ride Master;K36;ADAPTER PLUS;FUNDIDA;342;43662;404941;NOVA;238;NÃO;1L;43662_HPT_0318850_1L
HPT 031945-7;42242;Ride Control;K36;BORRACHA ESTREITO (Retesp);FUNDIDA;363;43595;377318;NOVA;239;NÃO;1R;43595_HPT_0319457_1R
HPT 031945-7;42242;Ride Control;K36;BORRACHA ESTREITO (Retesp);FUNDIDA;363;43595;377318;NOVA;238;NÃO;2R;43595_HPT_0319457_2R
HPT 031945-7;42242;Ride Control;K36;BORRACHA ESTREITO (Retesp);FUNDIDA;380;43595;377318;NOVA;239;NÃO;3R;43595_HPT_0319457_3R
HPT 031945-7;42242;Ride Control;K36;BORRACHA ESTREITO (Retesp);FUNDIDA;380;43595;377318;NOVA;239;NÃO;4R;43595_HPT_0319457_4R
HPT 031945-7;42242;Ride Control;K36;BORRACHA ESTREITO (Retesp);FUNDIDA;380;43595;377318;NOVA;239;NÃO;4L;43595_HPT_0319457_4L
HPT 031945-7;42242;Ride Control;K36;BORRACHA ESTREITO (Retesp);FUNDIDA;364;43595;377318;NOVA;239;NÃO;3L;43595_HPT_0319457_3L
HPT 031945-7;42242;Ride Control;K36;BORRACHA ESTREITO (Retesp);FUNDIDA;359;43595;377318;NOVA;238;NÃO;2L;43595_HPT_0319457_2L
HPT 031945-7;42242;Ride Control;K36;BORRACHA ESTREITO (Retesp);FUNDIDA;350;43595;377318;NOVA;239;NÃO;1L;43595_HPT_0319457_1L
HPT 031950-3;42242;Ride Control;K36;BORRACHA ESTREITO (Retesp);FUNDIDA;380;43595;363384;NOVA;240;NÃO;1R;43595_HPT_0319503_1R
HPT 031950-3;42242;Ride Control;K36;BORRACHA ESTREITO (Retesp);FUNDIDA;380;43595;363384;NOVA;240;NÃO;2R;43595_HPT_0319503_2R
HPT 031950-3;42242;Ride Control;K36;BORRACHA ESTREITO (Retesp);FUNDIDA;348;43595;363384;NOVA;240;NÃO;3R;43595_HPT_0319503_3R
HPT 031950-3;42242;Ride Control;K36;BORRACHA ESTREITO (Retesp);FUNDIDA;342;43595;363384;NOVA;240;NÃO;4R;43595_HPT_0319503_4R
HPT 031950-3;42242;Ride Control;K36;BORRACHA ESTREITO (Retesp);FUNDIDA;352;43595;363384;NOVA;240;NÃO;4L;43595_HPT_0319503_4L
HPT 031950-3;42242;Ride Control;K36;BORRACHA ESTREITO (Retesp);FUNDIDA;363;43595;363384;NOVA;240;NÃO;3L;43595_HPT_0319503_3L
HPT 031950-3;42242;Ride Control;K36;BORRACHA ESTREITO (Retesp);FUNDIDA;380;43595;363384;NOVA;240;NÃO;2L;43595_HPT_0319503_2L
HPT 031950-3;42242;Ride Control;K36;BORRACHA ESTREITO (Retesp);FUNDIDA;366;43595;363384;NOVA;240;NÃO;1L;43595_HPT_0319503_1L
HPT 031922-8;42237;Ride Control;K36;BORRACHA ESTREITO (Retesp);FUNDIDA;380;43594;398582;NOVA;241;NÃO;1R;43594_HPT_0319228_1R
HPT 031922-8;42237;Ride Control;K36;BORRACHA ESTREITO (Retesp);FUNDIDA;375;43594;398582;NOVA;241;NÃO;2R;43594_HPT_0319228_2R
HPT 031922-8;42237;Ride Control;K36;BORRACHA ESTREITO (Retesp);FUNDIDA;380;43594;398582;NOVA;242;NÃO;3R;43594_HPT_0319228_3R
HPT 031922-8;42237;Ride Control;K36;BORRACHA ESTREITO (Retesp);FUNDIDA;363;43594;398582;NOVA;242;NÃO;4R;43594_HPT_0319228_4R
HPT 031922-8;42237;Ride Control;K36;BORRACHA ESTREITO (Retesp);FUNDIDA;345;43594;398582;NOVA;242;NÃO;4L;43594_HPT_0319228_4L
HPT 031922-8;42237;Ride Control;K36;BORRACHA ESTREITO (Retesp);FUNDIDA;380;43594;398582;NOVA;242;NÃO;3L;43594_HPT_0319228_3L
HPT 031922-8;42237;Ride Control;K36;BORRACHA ESTREITO (Retesp);FUNDIDA;364;43594;398582;NOVA;241;NÃO;2L;43594_HPT_0319228_2L
HPT 031922-8;42237;Ride Control;K36;BORRACHA ESTREITO (Retesp);FUNDIDA;371;43594;398582;NOVA;241;NÃO;1L;43594_HPT_0319228_1L
HPT 031871-0;42226;Ride Master;K36;ADAPTER PLUS;FUNDIDA;342;43594;394876;NOVA;242;NÃO;1R;43594_HPT_0318710_1R
HPT 031871-0;42226;Ride Master;K36;ADAPTER PLUS;FUNDIDA;355;43594;394876;NOVA;242;NÃO;2R;43594_HPT_0318710_2R
HPT 031871-0;42226;Ride Master;K36;ADAPTER PLUS;FUNDIDA;349;43594;394876;NOVA;242;NÃO;3R;43594_HPT_0318710_3R
HPT 031871-0;42226;Ride Master;K36;ADAPTER PLUS;FUNDIDA;343;43594;394876;NOVA;242;NÃO;4R;43594_HPT_0318710_4R
HPT 031871-0;42226;Ride Master;K36;ADAPTER PLUS;FUNDIDA;355;43594;394876;NOVA;242;NÃO;4L;43594_HPT_0318710_4L
HPT 031871-0;42226;Ride Master;K36;ADAPTER PLUS;FUNDIDA;342;43594;394876;NOVA;242;NÃO;3L;43594_HPT_0318710_3L
HPT 031871-0;42226;Ride Master;K36;ADAPTER PLUS;FUNDIDA;358;43594;394876;NOVA;242;NÃO;2L;43594_HPT_0318710_2L
HPT 031871-0;42226;Ride Master;K36;ADAPTER PLUS;FUNDIDA;345;43594;394876;NOVA;242;NÃO;1L;43594_HPT_0318710_1L
HPT 031876-1;42227;Ride Master;K36;ADAPTER PLUS;FUNDIDA;363;43594;315225;NOVA;242;NÃO;1R;43594_HPT_0318761_1R
HPT 031876-1;42227;Ride Master;K36;ADAPTER PLUS;FUNDIDA;340;43594;315225;NOVA;242;NÃO;2R;43594_HPT_0318761_2R
HPT 031876-1;42227;Ride Master;K36;ADAPTER PLUS;FUNDIDA;345;43594;315225;NOVA;241;NÃO;3R;43594_HPT_0318761_3R
HPT 031876-1;42227;Ride Master;K36;ADAPTER PLUS;FUNDIDA;340;43594;315225;NOVA;240;NÃO;4R;43594_HPT_0318761_4R
HPT 031876-1;42227;Ride Master;K36;ADAPTER PLUS;FUNDIDA;341;43594;315225;NOVA;240;NÃO;4L;43594_HPT_0318761_4L
HPT 031876-1;42227;Ride Master;K36;ADAPTER PLUS;FUNDIDA;358;43594;315225;NOVA;241;NÃO;3L;43594_HPT_0318761_3L
HPT 031876-1;42227;Ride Master;K36;ADAPTER PLUS;FUNDIDA;341;43594;315225;NOVA;242;NÃO;2L;43594_HPT_0318761_2L
HPT 031876-1;42227;Ride Master;K36;ADAPTER PLUS;FUNDIDA;358;43594;315225;NOVA;242;NÃO;1L;43594_HPT_0318761_1L
HPT 031778-1;42206;Ride Master;K36;ADAPTER PLUS;FUNDIDA;363;43592;354065;NOVA;241;NÃO;1R;43592_HPT_0317781_1R
HPT 031778-1;42206;Ride Master;K36;ADAPTER PLUS;FUNDIDA;363;43592;354065;NOVA;241;NÃO;2R;43592_HPT_0317781_2R
HPT 031778-1;42206;Ride Master;K36;ADAPTER PLUS;FUNDIDA;358;43592;354065;NOVA;241;NÃO;3R;43592_HPT_0317781_3R
HPT 031778-1;42206;Ride Master;K36;ADAPTER PLUS;FUNDIDA;341;43592;354065;NOVA;241;NÃO;4R;43592_HPT_0317781_4R
HPT 031778-1;42206;Ride Master;K36;ADAPTER PLUS;FUNDIDA;340;43592;354065;NOVA;241;NÃO;4L;43592_HPT_0317781_4L
HPT 031778-1;42206;Ride Master;K36;ADAPTER PLUS;FUNDIDA;356;43592;354065;NOVA;241;NÃO;3L;43592_HPT_0317781_3L
HPT 031778-1;42206;Ride Master;K36;ADAPTER PLUS;FUNDIDA;363;43592;354065;NOVA;241;NÃO;2L;43592_HPT_0317781_2L
HPT 031778-1;42206;Ride Master;K36;ADAPTER PLUS;FUNDIDA;356;43592;354065;NOVA;241;NÃO;1L;43592_HPT_0317781_1L
HPT 032523-6;42262;Ride Control;K36;BORRACHA ESTREITO (Retesp);FUNDIDA;350;43594;318516;NOVA;240;NÃO;1R;43594_HPT_0325236_1R
HPT 032523-6;42262;Ride Control;K36;BORRACHA ESTREITO (Retesp);FUNDIDA;361;43594;318516;NOVA;240;NÃO;2R;43594_HPT_0325236_2R
HPT 032523-6;42262;Ride Control;K36;BORRACHA ESTREITO (Retesp);FUNDIDA;364;43594;318516;NOVA;240;NÃO;3R;43594_HPT_0325236_3R
HPT 032523-6;42262;Ride Control;K36;BORRACHA ESTREITO (Retesp);FUNDIDA;378;43594;318516;NOVA;239;NÃO;4R;43594_HPT_0325236_4R
HPT 032523-6;42262;Ride Control;K36;BORRACHA ESTREITO (Retesp);FUNDIDA;364;43594;318516;NOVA;239;NÃO;4L;43594_HPT_0325236_4L
HPT 032523-6;42262;Ride Control;K36;BORRACHA ESTREITO (Retesp);FUNDIDA;380;43594;318516;NOVA;240;NÃO;3L;43594_HPT_0325236_3L
HPT 032523-6;42262;Ride Control;K36;BORRACHA ESTREITO (Retesp);FUNDIDA;353;43594;318516;NOVA;240;NÃO;2L;43594_HPT_0325236_2L
HPT 032523-6;42262;Ride Control;K36;BORRACHA ESTREITO (Retesp);FUNDIDA;363;43594;318516;NOVA;240;NÃO;1L;43594_HPT_0325236_1L
HPT 032579-1;42279;Ride Control;K36;BORRACHA ESTREITO (Retesp);FUNDIDA;380;43606;351129;NOVA;241;NÃO;1R;43606_HPT_0325791_1R
HPT 032579-1;42279;Ride Control;K36;BORRACHA ESTREITO (Retesp);FUNDIDA;352;43606;351129;NOVA;241;NÃO;2R;43606_HPT_0325791_2R
HPT 032579-1;42279;Ride Control;K36;BORRACHA ESTREITO (Retesp);FUNDIDA;356;43606;351129;NOVA;242;NÃO;3R;43606_HPT_0325791_3R
HPT 032579-1;42279;Ride Control;K36;BORRACHA ESTREITO (Retesp);FUNDIDA;342;43606;351129;NOVA;242;NÃO;4R;43606_HPT_0325791_4R
HPT 032579-1;42279;Ride Control;K36;BORRACHA ESTREITO (Retesp);FUNDIDA;352;43606;351129;NOVA;242;NÃO;4L;43606_HPT_0325791_4L
HPT 032579-1;42279;Ride Control;K36;BORRACHA ESTREITO (Retesp);FUNDIDA;363;43606;351129;NOVA;242;NÃO;3L;43606_HPT_0325791_3L
HPT 032579-1;42279;Ride Control;K36;BORRACHA ESTREITO (Retesp);FUNDIDA;363;43606;351129;NOVA;241;NÃO;2L;43606_HPT_0325791_2L
HPT 032579-1;42279;Ride Control;K36;BORRACHA ESTREITO (Retesp);FUNDIDA;380;43606;351129;NOVA;241;NÃO;1L;43606_HPT_0325791_1L
HPT 032593-7;42357;Ride Control;K36;BORRACHA ESTREITO (Retesp);FUNDIDA;363;43606;328456;NOVA;241;NÃO;1R;43606_HPT_0325937_1R
HPT 032593-7;42357;Ride Control;K36;BORRACHA ESTREITO (Retesp);FUNDIDA;342;43606;328456;NOVA;241;NÃO;2R;43606_HPT_0325937_2R
HPT 032593-7;42357;Ride Control;K36;BORRACHA ESTREITO (Retesp);FUNDIDA;341;43606;328456;NOVA;241;NÃO;3R;43606_HPT_0325937_3R
HPT 032593-7;42357;Ride Control;K36;BORRACHA ESTREITO (Retesp);FUNDIDA;351;43606;328456;NOVA;241;NÃO;4R;43606_HPT_0325937_4R
HPT 032593-7;42357;Ride Control;K36;BORRACHA ESTREITO (Retesp);FUNDIDA;345;43606;328456;NOVA;241;NÃO;4L;43606_HPT_0325937_4L
HPT 032593-7;42357;Ride Control;K36;BORRACHA ESTREITO (Retesp);FUNDIDA;341;43606;328456;NOVA;241;NÃO;3L;43606_HPT_0325937_3L
HPT 032593-7;42357;Ride Control;K36;BORRACHA ESTREITO (Retesp);FUNDIDA;342;43606;328456;NOVA;241;NÃO;2L;43606_HPT_0325937_2L
HPT 032593-7;42357;Ride Control;K36;BORRACHA ESTREITO (Retesp);FUNDIDA;353;43606;328456;NOVA;241;NÃO;1L;43606_HPT_0325937_1L
HPT 032674-7;42383;Ride Control;K36;BORRACHA ESTREITO (Retesp);FUNDIDA;380;43608;341814;NOVA;239;NÃO;1R;43608_HPT_0326747_1R
HPT 032674-7;42383;Ride Control;K36;BORRACHA ESTREITO (Retesp);FUNDIDA;348;43608;341814;NOVA;239;NÃO;2R;43608_HPT_0326747_2R
HPT 032674-7;42383;Ride Control;K36;BORRACHA ESTREITO (Retesp);FUNDIDA;368;43608;341814;NOVA;239;NÃO;3R;43608_HPT_0326747_3R
HPT 032674-7;42383;Ride Control;K36;BORRACHA ESTREITO (Retesp);FUNDIDA;363;43608;341814;NOVA;239;NÃO;4R;43608_HPT_0326747_4R
HPT 032674-7;42383;Ride Control;K36;BORRACHA ESTREITO (Retesp);FUNDIDA;342;43608;341814;NOVA;239;NÃO;4L;43608_HPT_0326747_4L
HPT 032674-7;42383;Ride Control;K36;BORRACHA ESTREITO (Retesp);FUNDIDA;380;43608;341814;NOVA;239;NÃO;3L;43608_HPT_0326747_3L
HPT 032674-7;42383;Ride Control;K36;BORRACHA ESTREITO (Retesp);FUNDIDA;363;43608;341814;NOVA;239;NÃO;2L;43608_HPT_0326747_2L
HPT 032674-7;42383;Ride Control;K36;BORRACHA ESTREITO (Retesp);FUNDIDA;374;43608;341814;NOVA;239;NÃO;1L;43608_HPT_0326747_1L
HPT 032826-0;42422;Ride Control;K36;BORRACHA ESTREITO (Retesp);FUNDIDA;363;43594;332736;NOVA;238;NÃO;1R;43594_HPT_0328260_1R
HPT 032826-0;42422;Ride Control;K36;BORRACHA ESTREITO (Retesp);FUNDIDA;340;43594;332736;NOVA;238;NÃO;2R;43594_HPT_0328260_2R
HPT 032826-0;42422;Ride Control;K36;BORRACHA ESTREITO (Retesp);FUNDIDA;380;43594;332736;NOVA;238;NÃO;3R;43594_HPT_0328260_3R
HPT 032826-0;42422;Ride Control;K36;BORRACHA ESTREITO (Retesp);FUNDIDA;366;43594;332736;NOVA;238;NÃO;4R;43594_HPT_0328260_4R
HPT 032826-0;42422;Ride Control;K36;BORRACHA ESTREITO (Retesp);FUNDIDA;380;43594;332736;NOVA;238;NÃO;4L;43594_HPT_0328260_4L
HPT 032826-0;42422;Ride Control;K36;BORRACHA ESTREITO (Retesp);FUNDIDA;368;43594;332736;NOVA;238;NÃO;3L;43594_HPT_0328260_3L
HPT 032826-0;42422;Ride Control;K36;BORRACHA ESTREITO (Retesp);FUNDIDA;340;43594;332736;NOVA;238;NÃO;2L;43594_HPT_0328260_2L
HPT 032826-0;42422;Ride Control;K36;BORRACHA ESTREITO (Retesp);FUNDIDA;347;43594;332736;NOVA;238;NÃO;1L;43594_HPT_0328260_1L
HPT 032686-1;42387;Ride Control;K36;BORRACHA ESTREITO (Retesp);FUNDIDA;365;43594;294787;NOVA;242;NÃO;1R;43594_HPT_0326861_1R
HPT 032686-1;42387;Ride Control;K36;BORRACHA ESTREITO (Retesp);FUNDIDA;341;43594;294787;NOVA;242;NÃO;2R;43594_HPT_0326861_2R
HPT 032686-1;42387;Ride Control;K36;BORRACHA ESTREITO (Retesp);FUNDIDA;374;43594;294787;NOVA;241;NÃO;3R;43594_HPT_0326861_3R
HPT 032686-1;42387;Ride Control;K36;BORRACHA ESTREITO (Retesp);FUNDIDA;;43594;DESCONSIDERAR;NOVA;;SIM;4R;43594_HPT_0326861_4R
HPT 032686-1;42387;Ride Control;K36;BORRACHA ESTREITO (Retesp);FUNDIDA;;43594;DESCONSIDERAR;NOVA;;SIM;4L;43594_HPT_0326861_4L
HPT 032686-1;42387;Ride Control;K36;BORRACHA ESTREITO (Retesp);FUNDIDA;379;43594;294787;NOVA;241;NÃO;3L;43594_HPT_0326861_3L
HPT 032686-1;42387;Ride Control;K36;BORRACHA ESTREITO (Retesp);FUNDIDA;340;43594;294787;NOVA;242;NÃO;2L;43594_HPT_0326861_2L
HPT 032686-1;42387;Ride Control;K36;BORRACHA ESTREITO (Retesp);FUNDIDA;370;43594;294787;NOVA;242;NÃO;1L;43594_HPT_0326861_1L
HPT 032733-6;42398;Ride Control;K36;BORRACHA ESTREITO (Retesp);FUNDIDA;355;43594;305640;NOVA;242;NÃO;1R;43594_HPT_0327336_1R
HPT 032733-6;42398;Ride Control;K36;BORRACHA ESTREITO (Retesp);FUNDIDA;367;43594;305640;NOVA;241;NÃO;2R;43594_HPT_0327336_2R
HPT 032733-6;42398;Ride Control;K36;BORRACHA ESTREITO (Retesp);FUNDIDA;364;43594;305640;NOVA;242;NÃO;3R;43594_HPT_0327336_3R
HPT 032733-6;42398;Ride Control;K36;BORRACHA ESTREITO (Retesp);FUNDIDA;363;43594;305640;NOVA;241;NÃO;4R;43594_HPT_0327336_4R
HPT 032733-6;42398;Ride Control;K36;BORRACHA ESTREITO (Retesp);FUNDIDA;345;43594;305640;NOVA;241;NÃO;4L;43594_HPT_0327336_4L
HPT 032733-6;42398;Ride Control;K36;BORRACHA ESTREITO (Retesp);FUNDIDA;380;43594;305640;NOVA;242;NÃO;3L;43594_HPT_0327336_3L
HPT 032733-6;42398;Ride Control;K36;BORRACHA ESTREITO (Retesp);FUNDIDA;380;43594;305640;NOVA;241;NÃO;2L;43594_HPT_0327336_2L
HPT 032733-6;42398;Ride Control;K36;BORRACHA ESTREITO (Retesp);FUNDIDA;363;43594;305640;NOVA;242;NÃO;1L;43594_HPT_0327336_1L
HPT 032747-6;42401;Ride Control;K36;BORRACHA ESTREITO (Retesp);FUNDIDA;380;43594;297079;NOVA;241;NÃO;1R;43594_HPT_0327476_1R
HPT 032747-6;42401;Ride Control;K36;BORRACHA ESTREITO (Retesp);FUNDIDA;380;43594;297079;NOVA;241;NÃO;2R;43594_HPT_0327476_2R
HPT 032747-6;42401;Ride Control;K36;BORRACHA ESTREITO (Retesp);FUNDIDA;378;43594;297079;NOVA;240;NÃO;3R;43594_HPT_0327476_3R
HPT 032747-6;42401;Ride Control;K36;BORRACHA ESTREITO (Retesp);FUNDIDA;364;43594;297079;NOVA;240;NÃO;4R;43594_HPT_0327476_4R
HPT 032747-6;42401;Ride Control;K36;BORRACHA ESTREITO (Retesp);FUNDIDA;368;43594;297079;NOVA;240;NÃO;4L;43594_HPT_0327476_4L
HPT 032747-6;42401;Ride Control;K36;BORRACHA ESTREITO (Retesp);FUNDIDA;364;43594;297079;NOVA;240;NÃO;3L;43594_HPT_0327476_3L
HPT 032747-6;42401;Ride Control;K36;BORRACHA ESTREITO (Retesp);FUNDIDA;378;43594;297079;NOVA;241;NÃO;2L;43594_HPT_0327476_2L
HPT 032747-6;42401;Ride Control;K36;BORRACHA ESTREITO (Retesp);FUNDIDA;372;43594;297079;NOVA;241;NÃO;1L;43594_HPT_0327476_1L
HPT 032929-1;42422;Ride Control;K36;BORRACHA ESTREITO (Retesp);FUNDIDA;380;43608;296892;NOVA;241;NÃO;1R;43608_HPT_0329291_1R
HPT 032929-1;42422;Ride Control;K36;BORRACHA ESTREITO (Retesp);FUNDIDA;379;43608;296892;NOVA;241;NÃO;2R;43608_HPT_0329291_2R
HPT 032929-1;42422;Ride Control;K36;BORRACHA ESTREITO (Retesp);FUNDIDA;363;43608;296892;NOVA;240;NÃO;3R;43608_HPT_0329291_3R
HPT 032929-1;42422;Ride Control;K36;BORRACHA ESTREITO (Retesp);FUNDIDA;347;43608;296892;NOVA;240;NÃO;4R;43608_HPT_0329291_4R
HPT 032929-1;42422;Ride Control;K36;BORRACHA ESTREITO (Retesp);FUNDIDA;354;43608;296892;NOVA;240;NÃO;4L;43608_HPT_0329291_4L
HPT 032929-1;42422;Ride Control;K36;BORRACHA ESTREITO (Retesp);FUNDIDA;356;43608;296892;NOVA;240;NÃO;3L;43608_HPT_0329291_3L
HPT 032929-1;42422;Ride Control;K36;BORRACHA ESTREITO (Retesp);FUNDIDA;378;43608;296892;NOVA;241;NÃO;2L;43608_HPT_0329291_2L
HPT 032929-1;42422;Ride Control;K36;BORRACHA ESTREITO (Retesp);FUNDIDA;364;43608;296892;NOVA;241;NÃO;1L;43608_HPT_0329291_1L
HPT 033381-6;42422;Ride Control;K36;BORRACHA ESTREITO (SCT);FUNDIDA;373;43607;278792;NOVA;239;NÃO;1R;43607_HPT_0333816_1R
HPT 033381-6;42422;Ride Control;K36;BORRACHA ESTREITO (SCT);FUNDIDA;363;43607;278792;NOVA;239;NÃO;2R;43607_HPT_0333816_2R
HPT 033381-6;42422;Ride Control;K36;BORRACHA ESTREITO (SCT);FUNDIDA;355;43607;278792;NOVA;239;NÃO;3R;43607_HPT_0333816_3R
HPT 033381-6;42422;Ride Control;K36;BORRACHA ESTREITO (SCT);FUNDIDA;372;43607;278792;NOVA;239;NÃO;4R;43607_HPT_0333816_4R
HPT 033381-6;42422;Ride Control;K36;BORRACHA ESTREITO (SCT);FUNDIDA;370;43607;278792;NOVA;239;NÃO;4L;43607_HPT_0333816_4L
HPT 033381-6;42422;Ride Control;K36;BORRACHA ESTREITO (SCT);FUNDIDA;358;43607;278792;NOVA;239;NÃO;3L;43607_HPT_0333816_3L
HPT 033381-6;42422;Ride Control;K36;BORRACHA ESTREITO (SCT);FUNDIDA;351;43607;278792;NOVA;239;NÃO;2L;43607_HPT_0333816_2L
HPT 033381-6;42422;Ride Control;K36;BORRACHA ESTREITO (SCT);FUNDIDA;364;43607;278792;NOVA;239;NÃO;1L;43607_HPT_0333816_1L
HPT 033419-7;42499;Ride Control;K36;BORRACHA ESTREITO (Retesp);FUNDIDA;364;43591;312629;NOVA;241;NÃO;1R;43591_HPT_0334197_1R
HPT 033419-7;42499;Ride Control;K36;BORRACHA ESTREITO (Retesp);FUNDIDA;342;43591;312629;NOVA;240;NÃO;2R;43591_HPT_0334197_2R
HPT 033419-7;42499;Ride Control;K36;BORRACHA ESTREITO (Retesp);FUNDIDA;364;43591;312629;NOVA;240;NÃO;3R;43591_HPT_0334197_3R
HPT 033419-7;42499;Ride Control;K36;BORRACHA ESTREITO (Retesp);FUNDIDA;376;43591;312629;NOVA;240;NÃO;4R;43591_HPT_0334197_4R
HPT 033419-7;42499;Ride Control;K36;BORRACHA ESTREITO (Retesp);FUNDIDA;370;43591;312629;NOVA;240;NÃO;4L;43591_HPT_0334197_4L
HPT 033419-7;42499;Ride Control;K36;BORRACHA ESTREITO (Retesp);FUNDIDA;368;43591;312629;NOVA;240;NÃO;3L;43591_HPT_0334197_3L
HPT 033419-7;42499;Ride Control;K36;BORRACHA ESTREITO (Retesp);FUNDIDA;355;43591;312629;NOVA;240;NÃO;2L;43591_HPT_0334197_2L
HPT 033419-7;42499;Ride Control;K36;BORRACHA ESTREITO (Retesp);FUNDIDA;364;43591;312629;NOVA;241;NÃO;1L;43591_HPT_0334197_1L
HPT 033458-8;42506;Ride Control;K36;BORRACHA ESTREITO (SCT);FUNDIDA;380;43609;283051;NOVA;242;NÃO;1R;43609_HPT_0334588_1R
HPT 033458-8;42506;Ride Control;K36;BORRACHA ESTREITO (SCT);FUNDIDA;376;43609;283051;NOVA;242;NÃO;2R;43609_HPT_0334588_2R
HPT 033458-8;42506;Ride Control;K36;BORRACHA ESTREITO (SCT);FUNDIDA;365;43609;283051;NOVA;242;NÃO;3R;43609_HPT_0334588_3R
HPT 033458-8;42506;Ride Control;K36;BORRACHA ESTREITO (SCT);FUNDIDA;380;43609;283051;NOVA;242;NÃO;4R;43609_HPT_0334588_4R
HPT 033458-8;42506;Ride Control;K36;BORRACHA ESTREITO (SCT);FUNDIDA;380;43609;283051;NOVA;242;NÃO;4L;43609_HPT_0334588_4L
HPT 033458-8;42506;Ride Control;K36;BORRACHA ESTREITO (SCT);FUNDIDA;380;43609;283051;NOVA;242;NÃO;3L;43609_HPT_0334588_3L
HPT 033458-8;42506;Ride Control;K36;BORRACHA ESTREITO (SCT);FUNDIDA;380;43609;283051;NOVA;242;NÃO;2L;43609_HPT_0334588_2L
HPT 033458-8;42506;Ride Control;K36;BORRACHA ESTREITO (SCT);FUNDIDA;367;43609;283051;NOVA;242;NÃO;1L;43609_HPT_0334588_1L
HPT 033466-9;42508;Ride Control;K36;BORRACHA ESTREITO (SCT);FUNDIDA;364;43594;267338;NOVA;241;NÃO;1R;43594_HPT_0334669_1R
HPT 033466-9;42508;Ride Control;K36;BORRACHA ESTREITO (SCT);FUNDIDA;359;43594;267338;NOVA;241;NÃO;2R;43594_HPT_0334669_2R
HPT 033466-9;42508;Ride Control;K36;BORRACHA ESTREITO (SCT);FUNDIDA;377;43594;267338;NOVA;241;NÃO;3R;43594_HPT_0334669_3R
HPT 033466-9;42508;Ride Control;K36;BORRACHA ESTREITO (SCT);FUNDIDA;380;43594;267338;NOVA;241;NÃO;4R;43594_HPT_0334669_4R
HPT 033466-9;42508;Ride Control;K36;BORRACHA ESTREITO (SCT);FUNDIDA;380;43594;267338;NOVA;241;NÃO;4L;43594_HPT_0334669_4L
HPT 033466-9;42508;Ride Control;K36;BORRACHA ESTREITO (SCT);FUNDIDA;373;43594;267338;NOVA;241;NÃO;3L;43594_HPT_0334669_3L
HPT 033466-9;42508;Ride Control;K36;BORRACHA ESTREITO (SCT);FUNDIDA;342;43594;267338;NOVA;241;NÃO;2L;43594_HPT_0334669_2L
HPT 033466-9;42508;Ride Control;K36;BORRACHA ESTREITO (SCT);FUNDIDA;365;43594;267338;NOVA;241;NÃO;1L;43594_HPT_0334669_1L
HPT 033550-9;42584;Ride Control;K36;BORRACHA ESTREITO (Retesp);FUNDIDA;370;43594;261202;NOVA;239;NÃO;1R;43594_HPT_0335509_1R
HPT 033550-9;42584;Ride Control;K36;BORRACHA ESTREITO (Retesp);FUNDIDA;364;43594;261202;NOVA;239;NÃO;2R;43594_HPT_0335509_2R
HPT 033550-9;42584;Ride Control;K36;BORRACHA ESTREITO (Retesp);FUNDIDA;373;43594;261202;NOVA;239;NÃO;3R;43594_HPT_0335509_3R
HPT 033550-9;42584;Ride Control;K36;BORRACHA ESTREITO (Retesp);FUNDIDA;366;43594;261202;NOVA;239;NÃO;4R;43594_HPT_0335509_4R
HPT 033550-9;42584;Ride Control;K36;BORRACHA ESTREITO (Retesp);FUNDIDA;364;43594;261202;NOVA;239;NÃO;4L;43594_HPT_0335509_4L
HPT 033550-9;42584;Ride Control;K36;BORRACHA ESTREITO (Retesp);FUNDIDA;364;43594;261202;NOVA;239;NÃO;3L;43594_HPT_0335509_3L
HPT 033550-9;42584;Ride Control;K36;BORRACHA ESTREITO (Retesp);FUNDIDA;366;43594;261202;NOVA;239;NÃO;2L;43594_HPT_0335509_2L
HPT 033550-9;42584;Ride Control;K36;BORRACHA ESTREITO (Retesp);FUNDIDA;380;43594;261202;NOVA;239;NÃO;1L;43594_HPT_0335509_1L
HPT 033697-1;42635;Ride Control;K36;BORRACHA ESTREITO (Retesp);FUNDIDA;380;43594;270376;NOVA;237;NÃO;1R;43594_HPT_0336971_1R
HPT 033697-1;42635;Ride Control;K36;BORRACHA ESTREITO (Retesp);FUNDIDA;340;43594;270376;NOVA;237;NÃO;2R;43594_HPT_0336971_2R
HPT 033697-1;42635;Ride Control;K36;BORRACHA ESTREITO (Retesp);FUNDIDA;380;43594;270376;NOVA;238;NÃO;3R;43594_HPT_0336971_3R
HPT 033697-1;42635;Ride Control;K36;BORRACHA ESTREITO (Retesp);FUNDIDA;363;43594;270376;NOVA;238;NÃO;4R;43594_HPT_0336971_4R
HPT 033697-1;42635;Ride Control;K36;BORRACHA ESTREITO (Retesp);FUNDIDA;357;43594;270376;NOVA;238;NÃO;4L;43594_HPT_0336971_4L
HPT 033697-1;42635;Ride Control;K36;BORRACHA ESTREITO (Retesp);FUNDIDA;366;43594;270376;NOVA;238;NÃO;3L;43594_HPT_0336971_3L
HPT 033697-1;42635;Ride Control;K36;BORRACHA ESTREITO (Retesp);FUNDIDA;341;43594;270376;NOVA;237;NÃO;2L;43594_HPT_0336971_2L
HPT 033697-1;42635;Ride Control;K36;BORRACHA ESTREITO (Retesp);FUNDIDA;379;43594;270376;NOVA;237;NÃO;1L;43594_HPT_0336971_1L
HPT 033711-1;42642;Ride Control;K36;BORRACHA ESTREITO (Retesp);FUNDIDA;347;43607;224498;NOVA;241;NÃO;1R;43607_HPT_0337111_1R
HPT 033711-1;42642;Ride Control;K36;BORRACHA ESTREITO (Retesp);FUNDIDA;363;43607;224498;NOVA;240;NÃO;2R;43607_HPT_0337111_2R
HPT 033711-1;42642;Ride Control;K36;BORRACHA ESTREITO (Retesp);FUNDIDA;340;43607;224498;NOVA;241;NÃO;3R;43607_HPT_0337111_3R
HPT 033711-1;42642;Ride Control;K36;BORRACHA ESTREITO (Retesp);FUNDIDA;359;43607;224498;NOVA;241;NÃO;4R;43607_HPT_0337111_4R
HPT 033711-1;42642;Ride Control;K36;BORRACHA ESTREITO (Retesp);FUNDIDA;363;43607;224498;NOVA;241;NÃO;4L;43607_HPT_0337111_4L
HPT 033711-1;42642;Ride Control;K36;BORRACHA ESTREITO (Retesp);FUNDIDA;340;43607;224498;NOVA;241;NÃO;3L;43607_HPT_0337111_3L
HPT 033711-1;42642;Ride Control;K36;BORRACHA ESTREITO (Retesp);FUNDIDA;363;43607;224498;NOVA;240;NÃO;2L;43607_HPT_0337111_2L
HPT 033711-1;42642;Ride Control;K36;BORRACHA ESTREITO (Retesp);FUNDIDA;363;43607;224498;NOVA;241;NÃO;1L;43607_HPT_0337111_1L
HPT 033768-4;42661;Ride Control;K36;BORRACHA ESTREITO (Retesp);FUNDIDA;370;43608;239446;NOVA;241;NÃO;1R;43608_HPT_0337684_1R
HPT 033768-4;42661;Ride Control;K36;BORRACHA ESTREITO (Retesp);FUNDIDA;380;43608;239446;NOVA;241;NÃO;2R;43608_HPT_0337684_2R
HPT 033768-4;42661;Ride Control;K36;BORRACHA ESTREITO (Retesp);FUNDIDA;365;43608;239446;NOVA;242;NÃO;3R;43608_HPT_0337684_3R
HPT 033768-4;42661;Ride Control;K36;BORRACHA ESTREITO (Retesp);FUNDIDA;363;43608;239446;NOVA;242;NÃO;4R;43608_HPT_0337684_4R
HPT 033768-4;42661;Ride Control;K36;BORRACHA ESTREITO (Retesp);FUNDIDA;361;43608;239446;NOVA;242;NÃO;4L;43608_HPT_0337684_4L
HPT 033768-4;42661;Ride Control;K36;BORRACHA ESTREITO (Retesp);FUNDIDA;380;43608;239446;NOVA;242;NÃO;3L;43608_HPT_0337684_3L
HPT 033768-4;42661;Ride Control;K36;BORRACHA ESTREITO (Retesp);FUNDIDA;364;43608;239446;NOVA;241;NÃO;2L;43608_HPT_0337684_2L
HPT 033768-4;42661;Ride Control;K36;BORRACHA ESTREITO (Retesp);FUNDIDA;380;43608;239446;NOVA;241;NÃO;1L;43608_HPT_0337684_1L
HPT 033788-9;42668;Ride Control;K36;BORRACHA ESTREITO (Retesp);FUNDIDA;380;43594;251701;NOVA;242;NÃO;1R;43594_HPT_0337889_1R
HPT 033788-9;42668;Ride Control;K36;BORRACHA ESTREITO (Retesp);FUNDIDA;380;43594;251701;NOVA;242;NÃO;2R;43594_HPT_0337889_2R
HPT 033788-9;42668;Ride Control;K36;BORRACHA ESTREITO (Retesp);FUNDIDA;368;43594;251701;NOVA;242;NÃO;3R;43594_HPT_0337889_3R
HPT 033788-9;42668;Ride Control;K36;BORRACHA ESTREITO (Retesp);FUNDIDA;370;43594;251701;NOVA;242;NÃO;4R;43594_HPT_0337889_4R
HPT 033788-9;42668;Ride Control;K36;BORRACHA ESTREITO (Retesp);FUNDIDA;375;43594;251701;NOVA;242;NÃO;4L;43594_HPT_0337889_4L
HPT 033788-9;42668;Ride Control;K36;BORRACHA ESTREITO (Retesp);FUNDIDA;364;43594;251701;NOVA;242;NÃO;3L;43594_HPT_0337889_3L
HPT 033788-9;42668;Ride Control;K36;BORRACHA ESTREITO (Retesp);FUNDIDA;364;43594;251701;NOVA;242;NÃO;2L;43594_HPT_0337889_2L
HPT 033788-9;42668;Ride Control;K36;BORRACHA ESTREITO (Retesp);FUNDIDA;364;43594;251701;NOVA;242;NÃO;1L;43594_HPT_0337889_1L
HPT 033746-3;42653;Ride Control;K36;BORRACHA ESTREITO (Retesp);FUNDIDA;357;43594;245633;NOVA;241;NÃO;1R;43594_HPT_0337463_1R
HPT 033746-3;42653;Ride Control;K36;BORRACHA ESTREITO (Retesp);FUNDIDA;363;43594;245633;NOVA;241;NÃO;2R;43594_HPT_0337463_2R
HPT 033746-3;42653;Ride Control;K36;BORRACHA ESTREITO (Retesp);FUNDIDA;364;43594;245633;NOVA;241;NÃO;3R;43594_HPT_0337463_3R
HPT 033746-3;42653;Ride Control;K36;BORRACHA ESTREITO (Retesp);FUNDIDA;373;43594;245633;NOVA;241;NÃO;4R;43594_HPT_0337463_4R
HPT 033746-3;42653;Ride Control;K36;BORRACHA ESTREITO (Retesp);FUNDIDA;366;43594;245633;NOVA;241;NÃO;4L;43594_HPT_0337463_4L
HPT 033746-3;42653;Ride Control;K36;BORRACHA ESTREITO (Retesp);FUNDIDA;371;43594;245633;NOVA;241;NÃO;3L;43594_HPT_0337463_3L
HPT 033746-3;42653;Ride Control;K36;BORRACHA ESTREITO (Retesp);FUNDIDA;363;43594;245633;NOVA;241;NÃO;2L;43594_HPT_0337463_2L
HPT 033746-3;42653;Ride Control;K36;BORRACHA ESTREITO (Retesp);FUNDIDA;363;43594;245633;NOVA;241;NÃO;1L;43594_HPT_0337463_1L
HPT 840094-6;42737;Ride Control;K36;BORRACHA ESTREITO (Retesp);FUNDIDA;380;43608;225503;NOVA;240;NÃO;1R;43608_HPT_8400946_1R
HPT 840094-6;42737;Ride Control;K36;BORRACHA ESTREITO (Retesp);FUNDIDA;341;43608;225503;NOVA;240;NÃO;2R;43608_HPT_8400946_2R
HPT 840094-6;42737;Ride Control;K36;BORRACHA ESTREITO (Retesp);FUNDIDA;361;43608;225503;NOVA;240;NÃO;3R;43608_HPT_8400946_3R
HPT 840094-6;42737;Ride Control;K36;BORRACHA ESTREITO (Retesp);FUNDIDA;364;43608;225503;NOVA;240;NÃO;4R;43608_HPT_8400946_4R
HPT 840094-6;42737;Ride Control;K36;BORRACHA ESTREITO (Retesp);FUNDIDA;368;43608;225503;NOVA;240;NÃO;4L;43608_HPT_8400946_4L
HPT 840094-6;42737;Ride Control;K36;BORRACHA ESTREITO (Retesp);FUNDIDA;363;43608;225503;NOVA;240;NÃO;3L;43608_HPT_8400946_3L
HPT 840094-6;42737;Ride Control;K36;BORRACHA ESTREITO (Retesp);FUNDIDA;340;43608;225503;NOVA;240;NÃO;2L;43608_HPT_8400946_2L
HPT 840094-6;42737;Ride Control;K36;BORRACHA ESTREITO (Retesp);FUNDIDA;380;43608;225503;NOVA;240;NÃO;1L;43608_HPT_8400946_1L
HPT 840092-0;42737;Ride Control;K36;BORRACHA ESTREITO (Retesp);FUNDIDA;;43594;195645;NOVA;241;NÃO;1R;43594_HPT_8400920_1R
HPT 840092-0;42737;Ride Control;K36;BORRACHA ESTREITO (Retesp);FUNDIDA;;43594;195645;NOVA;240;NÃO;2R;43594_HPT_8400920_2R
HPT 840092-0;42737;Ride Control;K36;BORRACHA ESTREITO (Retesp);FUNDIDA;;43594;195645;NOVA;240;NÃO;3R;43594_HPT_8400920_3R
HPT 840092-0;42737;Ride Control;K36;BORRACHA ESTREITO (Retesp);FUNDIDA;;43594;195645;NOVA;240;NÃO;4R;43594_HPT_8400920_4R
HPT 840092-0;42737;Ride Control;K36;BORRACHA ESTREITO (Retesp);FUNDIDA;;43594;195645;NOVA;240;NÃO;4L;43594_HPT_8400920_4L
HPT 840092-0;42737;Ride Control;K36;BORRACHA ESTREITO (Retesp);FUNDIDA;;43594;195645;NOVA;240;NÃO;3L;43594_HPT_8400920_3L
HPT 840092-0;42737;Ride Control;K36;BORRACHA ESTREITO (Retesp);FUNDIDA;;43594;195645;NOVA;240;NÃO;2L;43594_HPT_8400920_2L
HPT 840092-0;42737;Ride Control;K36;BORRACHA ESTREITO (Retesp);FUNDIDA;;43594;195645;NOVA;241;NÃO;1L;43594_HPT_8400920_1L
HPT 840180-2;42776;Ride Control;K36;BORRACHA ESTREITO (Retesp);FUNDIDA;378;43608;180093;NOVA;242;NÃO;1R;43608_HPT_8401802_1R
HPT 840180-2;42776;Ride Control;K36;BORRACHA ESTREITO (Retesp);FUNDIDA;364;43608;180093;NOVA;242;NÃO;2R;43608_HPT_8401802_2R
HPT 840180-2;42776;Ride Control;K36;BORRACHA ESTREITO (Retesp);FUNDIDA;373;43608;180093;NOVA;242;NÃO;3R;43608_HPT_8401802_3R
HPT 840180-2;42776;Ride Control;K36;BORRACHA ESTREITO (Retesp);FUNDIDA;364;43608;180093;NOVA;242;NÃO;4R;43608_HPT_8401802_4R
HPT 840180-2;42776;Ride Control;K36;BORRACHA ESTREITO (Retesp);FUNDIDA;370;43608;180093;NOVA;242;NÃO;4L;43608_HPT_8401802_4L
HPT 840180-2;42776;Ride Control;K36;BORRACHA ESTREITO (Retesp);FUNDIDA;364;43608;180093;NOVA;242;NÃO;3L;43608_HPT_8401802_3L
HPT 840180-2;42776;Ride Control;K36;BORRACHA ESTREITO (Retesp);FUNDIDA;374;43608;180093;NOVA;242;NÃO;2L;43608_HPT_8401802_2L
HPT 840180-2;42776;Ride Control;K36;BORRACHA ESTREITO (Retesp);FUNDIDA;364;43608;180093;NOVA;242;NÃO;1L;43608_HPT_8401802_1L
HPT 840183-7;42776;Ride Control;K36;BORRACHA ESTREITO (Retesp);FUNDIDA;363;43594;232111;NOVA;241;NÃO;1R;43594_HPT_8401837_1R
HPT 840183-7;42776;Ride Control;K36;BORRACHA ESTREITO (Retesp);FUNDIDA;363;43594;232111;NOVA;241;NÃO;2R;43594_HPT_8401837_2R
HPT 840183-7;42776;Ride Control;K36;BORRACHA ESTREITO (Retesp);FUNDIDA;375;43594;232111;NOVA;241;NÃO;3R;43594_HPT_8401837_3R
HPT 840183-7;42776;Ride Control;K36;BORRACHA ESTREITO (Retesp);FUNDIDA;380;43594;232111;NOVA;241;NÃO;4R;43594_HPT_8401837_4R
HPT 840183-7;42776;Ride Control;K36;BORRACHA ESTREITO (Retesp);FUNDIDA;375;43594;232111;NOVA;241;NÃO;4L;43594_HPT_8401837_4L
HPT 840183-7;42776;Ride Control;K36;BORRACHA ESTREITO (Retesp);FUNDIDA;380;43594;232111;NOVA;241;NÃO;3L;43594_HPT_8401837_3L
HPT 840183-7;42776;Ride Control;K36;BORRACHA ESTREITO (Retesp);FUNDIDA;363;43594;232111;NOVA;241;NÃO;2L;43594_HPT_8401837_2L
HPT 840183-7;42776;Ride Control;K36;BORRACHA ESTREITO (Retesp);FUNDIDA;363;43594;232111;NOVA;241;NÃO;1L;43594_HPT_8401837_1L
HPT 840226-4;42793;Ride Control;K36;BORRACHA ESTREITO (Retesp);FUNDIDA;352;43606;222013;NOVA;240;NÃO;1R;43606_HPT_8402264_1R
HPT 840226-4;42793;Ride Control;K36;BORRACHA ESTREITO (Retesp);FUNDIDA;351;43606;222013;NOVA;240;NÃO;2R;43606_HPT_8402264_2R
HPT 840226-4;42793;Ride Control;K36;BORRACHA ESTREITO (Retesp);FUNDIDA;363;43606;222013;NOVA;240;NÃO;3R;43606_HPT_8402264_3R
HPT 840226-4;42793;Ride Control;K36;BORRACHA ESTREITO (Retesp);FUNDIDA;363;43606;222013;NOVA;240;NÃO;4R;43606_HPT_8402264_4R
HPT 840226-4;42793;Ride Control;K36;BORRACHA ESTREITO (Retesp);FUNDIDA;363;43606;222013;NOVA;240;NÃO;4L;43606_HPT_8402264_4L
HPT 840226-4;42793;Ride Control;K36;BORRACHA ESTREITO (Retesp);FUNDIDA;363;43606;222013;NOVA;240;NÃO;3L;43606_HPT_8402264_3L
HPT 840226-4;42793;Ride Control;K36;BORRACHA ESTREITO (Retesp);FUNDIDA;350;43606;222013;NOVA;240;NÃO;2L;43606_HPT_8402264_2L
HPT 840226-4;42793;Ride Control;K36;BORRACHA ESTREITO (Retesp);FUNDIDA;363;43606;222013;NOVA;240;NÃO;1L;43606_HPT_8402264_1L
HPT 840260-4;42804;Ride Control;K36 (Eixo Tub);BORRACHA ESTREITO (Retesp);FUNDIDA;375;43642;DESCONSIDERAR;NOVA;241;SIM;1R;43642_HPT_8402604_1R
HPT 840260-4;42804;Ride Control;K36 (Eixo Tub);BORRACHA ESTREITO (Retesp);FUNDIDA;360;43642;197331;NOVA;241;NÃO;2R;43642_HPT_8402604_2R
HPT 840260-4;42804;Ride Control;K36 (Eixo Tub);BORRACHA ESTREITO (Retesp);FUNDIDA;342;43642;197331;NOVA;241;NÃO;3R;43642_HPT_8402604_3R
HPT 840260-4;42804;Ride Control;K36 (Eixo Tub);BORRACHA ESTREITO (Retesp);FUNDIDA;341;43642;197331;NOVA;241;NÃO;4R;43642_HPT_8402604_4R
HPT 840260-4;42804;Ride Control;K36 (Eixo Tub);BORRACHA ESTREITO (Retesp);FUNDIDA;341;43642;197331;NOVA;241;NÃO;4L;43642_HPT_8402604_4L
HPT 840260-4;42804;Ride Control;K36 (Eixo Tub);BORRACHA ESTREITO (Retesp);FUNDIDA;363;43642;197331;NOVA;241;NÃO;3L;43642_HPT_8402604_3L
HPT 840260-4;42804;Ride Control;K36 (Eixo Tub);BORRACHA ESTREITO (Retesp);FUNDIDA;361;43642;197331;NOVA;241;NÃO;2L;43642_HPT_8402604_2L
HPT 840260-4;42804;Ride Control;K36 (Eixo Tub);BORRACHA ESTREITO (Retesp);FUNDIDA;375;43642;DESCONSIDERAR;NOVA;241;SIM;1L;43642_HPT_8402604_1L
HPT 844224-0;42887;Ride Control;K36;BORRACHA ESTREITO (Retesp);FUNDIDA;364;43608;173162;NOVA;240;NÃO;1R;43608_HPT_8442240_1R
HPT 844224-0;42887;Ride Control;K36;BORRACHA ESTREITO (Retesp);FUNDIDA;380;43608;173162;NOVA;240;NÃO;2R;43608_HPT_8442240_2R
HPT 844224-0;42887;Ride Control;K36;BORRACHA ESTREITO (Retesp);FUNDIDA;364;43608;173162;NOVA;240;NÃO;3R;43608_HPT_8442240_3R
HPT 844224-0;42887;Ride Control;K36;BORRACHA ESTREITO (Retesp);FUNDIDA;367;43608;173162;NOVA;240;NÃO;4R;43608_HPT_8442240_4R
HPT 844224-0;42887;Ride Control;K36;BORRACHA ESTREITO (Retesp);FUNDIDA;364;43608;173162;NOVA;240;NÃO;4L;43608_HPT_8442240_4L
HPT 844224-0;42887;Ride Control;K36;BORRACHA ESTREITO (Retesp);FUNDIDA;377;43608;173162;NOVA;240;NÃO;3L;43608_HPT_8442240_3L
HPT 844224-0;42887;Ride Control;K36;BORRACHA ESTREITO (Retesp);FUNDIDA;364;43608;173162;NOVA;240;NÃO;2L;43608_HPT_8442240_2L
HPT 844224-0;42887;Ride Control;K36;BORRACHA ESTREITO (Retesp);FUNDIDA;378;43608;173162;NOVA;240;NÃO;1L;43608_HPT_8442240_1L
HPT 844249-5;42892;Ride Control;K36;BORRACHA ESTREITO (Retesp);FUNDIDA;340;43662;199592;NOVA;241;NÃO;1R;43662_HPT_8442495_1R
HPT 844249-5;42892;Ride Control;K36;BORRACHA ESTREITO (Retesp);FUNDIDA;363;43662;199592;NOVA;241;NÃO;2R;43662_HPT_8442495_2R
HPT 844249-5;42892;Ride Control;K36;BORRACHA ESTREITO (Retesp);FUNDIDA;345;43662;199592;NOVA;241;NÃO;3R;43662_HPT_8442495_3R
HPT 844249-5;42892;Ride Control;K36;BORRACHA ESTREITO (Retesp);FUNDIDA;342;43662;199592;NOVA;241;NÃO;4R;43662_HPT_8442495_4R
HPT 844249-5;42892;Ride Control;K36;BORRACHA ESTREITO (Retesp);FUNDIDA;353;43662;199592;NOVA;241;NÃO;4L;43662_HPT_8442495_4L
HPT 844249-5;42892;Ride Control;K36;BORRACHA ESTREITO (Retesp);FUNDIDA;345;43662;199592;NOVA;241;NÃO;3L;43662_HPT_8442495_3L
HPT 844249-5;42892;Ride Control;K36;BORRACHA ESTREITO (Retesp);FUNDIDA;344;43662;199592;NOVA;241;NÃO;2L;43662_HPT_8442495_2L
HPT 844249-5;42892;Ride Control;K36;BORRACHA ESTREITO (Retesp);FUNDIDA;340;43662;199592;NOVA;241;NÃO;1L;43662_HPT_8442495_1L
HPT 844182-1;42908;Ride Control;K36;BORRACHA ESTREITO (Retesp);FUNDIDA;380;43663;195206;NOVA;242;NÃO;1R;43663_HPT_8441821_1R
HPT 844182-1;42908;Ride Control;K36;BORRACHA ESTREITO (Retesp);FUNDIDA;346;43663;195206;NOVA;242;NÃO;2R;43663_HPT_8441821_2R
HPT 844182-1;42908;Ride Control;K36;BORRACHA ESTREITO (Retesp);FUNDIDA;360;43663;195206;NOVA;242;NÃO;3R;43663_HPT_8441821_3R
HPT 844182-1;42908;Ride Control;K36;BORRACHA ESTREITO (Retesp);FUNDIDA;380;43663;195206;NOVA;241;NÃO;4R;43663_HPT_8441821_4R
HPT 844182-1;42908;Ride Control;K36;BORRACHA ESTREITO (Retesp);FUNDIDA;370;43663;195206;NOVA;241;NÃO;4L;43663_HPT_8441821_4L
HPT 844182-1;42908;Ride Control;K36;BORRACHA ESTREITO (Retesp);FUNDIDA;363;43663;195206;NOVA;242;NÃO;3L;43663_HPT_8441821_3L
HPT 844182-1;42908;Ride Control;K36;BORRACHA ESTREITO (Retesp);FUNDIDA;355;43663;195206;NOVA;242;NÃO;2L;43663_HPT_8441821_2L
HPT 844182-1;42908;Ride Control;K36;BORRACHA ESTREITO (Retesp);FUNDIDA;377;43663;195206;NOVA;242;NÃO;1L;43663_HPT_8441821_1L
HPT 844280-1;42908;Ride Control;K36 (Eixo Tub);BORRACHA ESTREITO (Retesp);FUNDIDA;342;43594;188639;NOVA;240;NÃO;1R;43594_HPT_8442801_1R
HPT 844280-1;42908;Ride Control;K36 (Eixo Tub);BORRACHA ESTREITO (Retesp);FUNDIDA;368;43594;188639;NOVA;240;NÃO;2R;43594_HPT_8442801_2R
HPT 844280-1;42908;Ride Control;K36 (Eixo Tub);BORRACHA ESTREITO (Retesp);FUNDIDA;364;43594;188639;NOVA;240;NÃO;3R;43594_HPT_8442801_3R
HPT 844280-1;42908;Ride Control;K36 (Eixo Tub);BORRACHA ESTREITO (Retesp);FUNDIDA;351;43594;188639;NOVA;240;NÃO;4R;43594_HPT_8442801_4R
HPT 844280-1;42908;Ride Control;K36 (Eixo Tub);BORRACHA ESTREITO (Retesp);FUNDIDA;345;43594;188639;NOVA;240;NÃO;4L;43594_HPT_8442801_4L
HPT 844280-1;42908;Ride Control;K36 (Eixo Tub);BORRACHA ESTREITO (Retesp);FUNDIDA;368;43594;188639;NOVA;240;NÃO;3L;43594_HPT_8442801_3L
HPT 844280-1;42908;Ride Control;K36 (Eixo Tub);BORRACHA ESTREITO (Retesp);FUNDIDA;373;43594;188639;NOVA;240;NÃO;2L;43594_HPT_8442801_2L
HPT 844280-1;42908;Ride Control;K36 (Eixo Tub);BORRACHA ESTREITO (Retesp);FUNDIDA;362;43594;188639;NOVA;240;NÃO;1L;43594_HPT_8442801_1L
HPT 840402-0;43004;Motion Control;K36;ADAPTER PLUS;FUNDIDA;374;43642;182062;NOVA;241;NÃO;1R;43642_HPT_8404020_1R
HPT 840402-0;43004;Motion Control;K36;ADAPTER PLUS;FUNDIDA;340;43642;182062;NOVA;241;NÃO;2R;43642_HPT_8404020_2R
HPT 840402-0;43004;Motion Control;K36;ADAPTER PLUS;FUNDIDA;357;43642;182062;NOVA;242;NÃO;3R;43642_HPT_8404020_3R
HPT 840402-0;43004;Motion Control;K36;ADAPTER PLUS;FUNDIDA;380;43642;182062;NOVA;242;NÃO;4R;43642_HPT_8404020_4R
HPT 840402-0;43004;Motion Control;K36;ADAPTER PLUS;FUNDIDA;380;43642;182062;NOVA;242;NÃO;4L;43642_HPT_8404020_4L
HPT 840402-0;43004;Motion Control;K36;ADAPTER PLUS;FUNDIDA;342;43642;182062;NOVA;242;NÃO;3L;43642_HPT_8404020_3L
HPT 840402-0;43004;Motion Control;K36;ADAPTER PLUS;FUNDIDA;340;43642;182062;NOVA;241;NÃO;2L;43642_HPT_8404020_2L
HPT 840402-0;43004;Motion Control;K36;ADAPTER PLUS;FUNDIDA;380;43642;182062;NOVA;241;NÃO;1L;43642_HPT_8404020_1L
HPT 840407-1;43004;Motion Control;K36;ADAPTER PLUS;FUNDIDA;363;43663;191349;NOVA;241;NÃO;1R;43663_HPT_8404071_1R
HPT 840407-1;43004;Motion Control;K36;ADAPTER PLUS;FUNDIDA;380;43663;191349;NOVA;240;NÃO;2R;43663_HPT_8404071_2R
HPT 840407-1;43004;Motion Control;K36;ADAPTER PLUS;FUNDIDA;341;43663;191349;NOVA;241;NÃO;3R;43663_HPT_8404071_3R
HPT 840407-1;43004;Motion Control;K36;ADAPTER PLUS;FUNDIDA;365;43663;191349;NOVA;241;NÃO;4R;43663_HPT_8404071_4R
HPT 840407-1;43004;Motion Control;K36;ADAPTER PLUS;FUNDIDA;380;43663;191349;NOVA;241;NÃO;4L;43663_HPT_8404071_4L
HPT 840407-1;43004;Motion Control;K36;ADAPTER PLUS;FUNDIDA;341;43663;191349;NOVA;241;NÃO;3L;43663_HPT_8404071_3L
HPT 840407-1;43004;Motion Control;K36;ADAPTER PLUS;FUNDIDA;368;43663;191349;NOVA;240;NÃO;2L;43663_HPT_8404071_2L
HPT 840407-1;43004;Motion Control;K36;ADAPTER PLUS;FUNDIDA;363;43663;191349;NOVA;241;NÃO;1L;43663_HPT_8404071_1L
HPT 840412-7;43013;Ride Control;K36;BORRACHA ESTREITO (Retesp);FUNDIDA;364;43642;131170;NOVA;241;NÃO;1R;43642_HPT_8404127_1R
HPT 840412-7;43013;Ride Control;K36;BORRACHA ESTREITO (Retesp);FUNDIDA;367;43642;131170;NOVA;240;NÃO;2R;43642_HPT_8404127_2R
HPT 840412-7;43013;Ride Control;K36;BORRACHA ESTREITO (Retesp);FUNDIDA;368;43642;131170;NOVA;241;NÃO;3R;43642_HPT_8404127_3R
HPT 840412-7;43013;Ride Control;K36;BORRACHA ESTREITO (Retesp);FUNDIDA;375;43642;131170;NOVA;241;NÃO;4R;43642_HPT_8404127_4R
HPT 840412-7;43013;Ride Control;K36;BORRACHA ESTREITO (Retesp);FUNDIDA;380;43642;131170;NOVA;241;NÃO;4L;43642_HPT_8404127_4L
HPT 840412-7;43013;Ride Control;K36;BORRACHA ESTREITO (Retesp);FUNDIDA;364;43642;131170;NOVA;241;NÃO;3L;43642_HPT_8404127_3L
HPT 840412-7;43013;Ride Control;K36;BORRACHA ESTREITO (Retesp);FUNDIDA;380;43642;131170;NOVA;240;NÃO;2L;43642_HPT_8404127_2L
HPT 840412-7;43013;Ride Control;K36;BORRACHA ESTREITO (Retesp);FUNDIDA;371;43642;131170;NOVA;241;NÃO;1L;43642_HPT_8404127_1L
HPT 840530-1;43064;Ride Control;K36;BORRACHA ESTREITO (Retesp);FUNDIDA;;43607;93258;NOVA;241;NÃO;1R;43607_HPT_8405301_1R
HPT 840530-1;43064;Ride Control;K36;BORRACHA ESTREITO (Retesp);FUNDIDA;;43607;93258;NOVA;241;NÃO;2R;43607_HPT_8405301_2R
HPT 840530-1;43064;Ride Control;K36;BORRACHA ESTREITO (Retesp);FUNDIDA;;43607;93258;NOVA;241;NÃO;3R;43607_HPT_8405301_3R
HPT 840530-1;43064;Ride Control;K36;BORRACHA ESTREITO (Retesp);FUNDIDA;;43607;93258;NOVA;241;NÃO;4R;43607_HPT_8405301_4R
HPT 840530-1;43064;Ride Control;K36;BORRACHA ESTREITO (Retesp);FUNDIDA;;43607;93258;NOVA;241;NÃO;4L;43607_HPT_8405301_4L
HPT 840530-1;43064;Ride Control;K36;BORRACHA ESTREITO (Retesp);FUNDIDA;;43607;93258;NOVA;241;NÃO;3L;43607_HPT_8405301_3L
HPT 840530-1;43064;Ride Control;K36;BORRACHA ESTREITO (Retesp);FUNDIDA;;43607;93258;NOVA;241;NÃO;2L;43607_HPT_8405301_2L
HPT 840530-1;43064;Ride Control;K36;BORRACHA ESTREITO (Retesp);FUNDIDA;;43607;93258;NOVA;241;NÃO;1L;43607_HPT_8405301_1L
HPT 840550-6;43064;Motion Control;K36;ADAPTER PLUS;FUNDIDA;;43606;149145;NOVA;239;NÃO;1R;43606_HPT_8405506_1R
HPT 840550-6;43064;Motion Control;K36;ADAPTER PLUS;FUNDIDA;;43606;149145;NOVA;239;NÃO;2R;43606_HPT_8405506_2R
HPT 840550-6;43064;Motion Control;K36;ADAPTER PLUS;FUNDIDA;;43606;149145;NOVA;238;NÃO;3R;43606_HPT_8405506_3R
HPT 840550-6;43064;Motion Control;K36;ADAPTER PLUS;FUNDIDA;;43606;149145;NOVA;237;NÃO;4R;43606_HPT_8405506_4R
HPT 840550-6;43064;Motion Control;K36;ADAPTER PLUS;FUNDIDA;;43606;149145;NOVA;237;NÃO;4L;43606_HPT_8405506_4L
HPT 840550-6;43064;Motion Control;K36;ADAPTER PLUS;FUNDIDA;;43606;149145;NOVA;238;NÃO;3L;43606_HPT_8405506_3L
HPT 840550-6;43064;Motion Control;K36;ADAPTER PLUS;FUNDIDA;;43606;149145;NOVA;239;NÃO;2L;43606_HPT_8405506_2L
HPT 840550-6;43064;Motion Control;K36;ADAPTER PLUS;FUNDIDA;;43606;149145;NOVA;239;NÃO;1L;43606_HPT_8405506_1L
HPT 840557-3;43074;Motion Control;K36;ADAPTER PLUS;FUNDIDA;;43608;147103;NOVA;235;NÃO;1R;43608_HPT_8405573_1R
HPT 840557-3;43074;Motion Control;K36;ADAPTER PLUS;FUNDIDA;;43608;147103;NOVA;235;NÃO;2R;43608_HPT_8405573_2R
HPT 840557-3;43074;Motion Control;K36;ADAPTER PLUS;FUNDIDA;;43608;147103;NOVA;235;NÃO;3R;43608_HPT_8405573_3R
HPT 840557-3;43074;Motion Control;K36;ADAPTER PLUS;FUNDIDA;;43608;147103;NOVA;235;NÃO;4R;43608_HPT_8405573_4R
HPT 840557-3;43074;Motion Control;K36;ADAPTER PLUS;FUNDIDA;;43608;147103;NOVA;235;NÃO;4L;43608_HPT_8405573_4L
HPT 840557-3;43074;Motion Control;K36;ADAPTER PLUS;FUNDIDA;;43608;147103;NOVA;235;NÃO;3L;43608_HPT_8405573_3L
HPT 840557-3;43074;Motion Control;K36;ADAPTER PLUS;FUNDIDA;;43608;147103;NOVA;235;NÃO;2L;43608_HPT_8405573_2L
HPT 840557-3;43074;Motion Control;K36;ADAPTER PLUS;FUNDIDA;;43608;147103;NOVA;235;NÃO;1L;43608_HPT_8405573_1L
HPT 840635-9;43083;Motion Control;K36;ADAPTER PLUS;FUNDIDA;;43594;107141;NOVA;240;NÃO;1R;43594_HPT_8406359_1R
HPT 840635-9;43083;Motion Control;K36;ADAPTER PLUS;FUNDIDA;;43594;107141;NOVA;240;NÃO;2R;43594_HPT_8406359_2R
HPT 840635-9;43083;Motion Control;K36;ADAPTER PLUS;FUNDIDA;;43594;107141;NOVA;240;NÃO;3R;43594_HPT_8406359_3R
HPT 840635-9;43083;Motion Control;K36;ADAPTER PLUS;FUNDIDA;;43594;107141;NOVA;240;NÃO;4R;43594_HPT_8406359_4R
HPT 840635-9;43083;Motion Control;K36;ADAPTER PLUS;FUNDIDA;;43594;107141;NOVA;240;NÃO;4L;43594_HPT_8406359_4L
HPT 840635-9;43083;Motion Control;K36;ADAPTER PLUS;FUNDIDA;;43594;107141;NOVA;240;NÃO;3L;43594_HPT_8406359_3L
HPT 840635-9;43083;Motion Control;K36;ADAPTER PLUS;FUNDIDA;;43594;107141;NOVA;240;NÃO;2L;43594_HPT_8406359_2L
HPT 840635-9;43083;Motion Control;K36;ADAPTER PLUS;FUNDIDA;;43594;107141;NOVA;240;NÃO;1L;43594_HPT_8406359_1L
HPT 840408-9;43004;Motion Control;K36;ADAPTER PLUS;FUNDIDA;343;43592;170347;NOVA;240;NÃO;1R;43592_HPT_8404089_1R
HPT 840408-9;43004;Motion Control;K36;ADAPTER PLUS;FUNDIDA;368;43592;170347;NOVA;240;NÃO;2R;43592_HPT_8404089_2R
HPT 840408-9;43004;Motion Control;K36;ADAPTER PLUS;FUNDIDA;363;43592;170347;NOVA;240;NÃO;3R;43592_HPT_8404089_3R
HPT 840408-9;43004;Motion Control;K36;ADAPTER PLUS;FUNDIDA;380;43592;170347;NOVA;240;NÃO;4R;43592_HPT_8404089_4R
HPT 840408-9;43004;Motion Control;K36;ADAPTER PLUS;FUNDIDA;369;43592;170347;NOVA;240;NÃO;4L;43592_HPT_8404089_4L
HPT 840408-9;43004;Motion Control;K36;ADAPTER PLUS;FUNDIDA;352;43592;170347;NOVA;240;NÃO;3L;43592_HPT_8404089_3L
HPT 840408-9;43004;Motion Control;K36;ADAPTER PLUS;FUNDIDA;380;43592;170347;NOVA;240;NÃO;2L;43592_HPT_8404089_2L
HPT 840408-9;43004;Motion Control;K36;ADAPTER PLUS;FUNDIDA;363;43592;170347;NOVA;240;NÃO;1L;43592_HPT_8404089_1L
HPT 840525-5;43064;Motion Control;K36;ADAPTER PLUS;FUNDIDA;;43609;149290;NOVA;237;NÃO;1R;43609_HPT_8405255_1R
HPT 840525-5;43064;Motion Control;K36;ADAPTER PLUS;FUNDIDA;;43609;149290;NOVA;236;NÃO;2R;43609_HPT_8405255_2R
HPT 840525-5;43064;Motion Control;K36;ADAPTER PLUS;FUNDIDA;;43609;149290;NOVA;237;NÃO;3R;43609_HPT_8405255_3R
HPT 840525-5;43064;Motion Control;K36;ADAPTER PLUS;FUNDIDA;;43609;149290;NOVA;237;NÃO;4R;43609_HPT_8405255_4R
HPT 840525-5;43064;Motion Control;K36;ADAPTER PLUS;FUNDIDA;;43609;149290;NOVA;237;NÃO;4L;43609_HPT_8405255_4L
HPT 840525-5;43064;Motion Control;K36;ADAPTER PLUS;FUNDIDA;;43609;149290;NOVA;237;NÃO;3L;43609_HPT_8405255_3L
HPT 840525-5;43064;Motion Control;K36;ADAPTER PLUS;FUNDIDA;;43609;149290;NOVA;236;NÃO;2L;43609_HPT_8405255_2L
HPT 840525-5;43064;Motion Control;K36;ADAPTER PLUS;FUNDIDA;;43609;149290;NOVA;237;NÃO;1L;43609_HPT_8405255_1L
HPT 840594-8;43076;Motion Control;K36;ADAPTER PLUS;FUNDIDA;375;43606;146948;NOVA;237;NÃO;1R;43606_HPT_8405948_1R
HPT 840594-8;43076;Motion Control;K36;ADAPTER PLUS;FUNDIDA;352;43606;146948;NOVA;237;NÃO;2R;43606_HPT_8405948_2R
HPT 840594-8;43076;Motion Control;K36;ADAPTER PLUS;FUNDIDA;368;43606;146948;NOVA;238;NÃO;3R;43606_HPT_8405948_3R
HPT 840594-8;43076;Motion Control;K36;ADAPTER PLUS;FUNDIDA;372;43606;146948;NOVA;238;NÃO;4R;43606_HPT_8405948_4R
HPT 840594-8;43076;Motion Control;K36;ADAPTER PLUS;FUNDIDA;368;43606;146948;NOVA;238;NÃO;4L;43606_HPT_8405948_4L
HPT 840594-8;43076;Motion Control;K36;ADAPTER PLUS;FUNDIDA;375;43606;146948;NOVA;238;NÃO;3L;43606_HPT_8405948_3L
HPT 840594-8;43076;Motion Control;K36;ADAPTER PLUS;FUNDIDA;363;43606;146948;NOVA;237;NÃO;2L;43606_HPT_8405948_2L
HPT 840594-8;43076;Motion Control;K36;ADAPTER PLUS;FUNDIDA;380;43606;146948;NOVA;237;NÃO;1L;43606_HPT_8405948_1L
HPT 844347-5;43174;Motion Control;K36;ADAPTER PLUS;FUNDIDA;355;43606;85781;NOVA;242;NÃO;1R;43606_HPT_8443475_1R
HPT 844347-5;43174;Motion Control;K36;ADAPTER PLUS;FUNDIDA;362;43606;85781;NOVA;242;NÃO;2R;43606_HPT_8443475_2R
HPT 844347-5;43174;Motion Control;K36;ADAPTER PLUS;FUNDIDA;342;43606;85781;NOVA;242;NÃO;3R;43606_HPT_8443475_3R
HPT 844347-5;43174;Motion Control;K36;ADAPTER PLUS;FUNDIDA;380;43606;85781;NOVA;242;NÃO;4R;43606_HPT_8443475_4R
HPT 844347-5;43174;Motion Control;K36;ADAPTER PLUS;FUNDIDA;364;43606;85781;NOVA;242;NÃO;4L;43606_HPT_8443475_4L
HPT 844347-5;43174;Motion Control;K36;ADAPTER PLUS;FUNDIDA;354;43606;85781;NOVA;242;NÃO;3L;43606_HPT_8443475_3L
HPT 844347-5;43174;Motion Control;K36;ADAPTER PLUS;FUNDIDA;361;43606;85781;NOVA;242;NÃO;2L;43606_HPT_8443475_2L
HPT 844347-5;43174;Motion Control;K36;ADAPTER PLUS;FUNDIDA;363;43606;85781;NOVA;242;NÃO;1L;43606_HPT_8443475_1L
HPT 844295-9;43174;Motion Control;K36;ADAPTER PLUS;FUNDIDA;364;43608;125367;NOVA;242;NÃO;1R;43608_HPT_8442959_1R
HPT 844295-9;43174;Motion Control;K36;ADAPTER PLUS;FUNDIDA;357;43608;125367;NOVA;242;NÃO;2R;43608_HPT_8442959_2R
HPT 844295-9;43174;Motion Control;K36;ADAPTER PLUS;FUNDIDA;373;43608;125367;NOVA;242;NÃO;3R;43608_HPT_8442959_3R
HPT 844295-9;43174;Motion Control;K36;ADAPTER PLUS;FUNDIDA;380;43608;125367;NOVA;242;NÃO;4R;43608_HPT_8442959_4R
HPT 844295-9;43174;Motion Control;K36;ADAPTER PLUS;FUNDIDA;364;43608;125367;NOVA;242;NÃO;4L;43608_HPT_8442959_4L
HPT 844295-9;43174;Motion Control;K36;ADAPTER PLUS;FUNDIDA;364;43608;125367;NOVA;242;NÃO;3L;43608_HPT_8442959_3L
HPT 844295-9;43174;Motion Control;K36;ADAPTER PLUS;FUNDIDA;357;43608;125367;NOVA;242;NÃO;2L;43608_HPT_8442959_2L
HPT 844295-9;43174;Motion Control;K36;ADAPTER PLUS;FUNDIDA;374;43608;125367;NOVA;242;NÃO;1L;43608_HPT_8442959_1L
HPT 844300-9;43174;Motion Control;K36;ADAPTER PLUS;FUNDIDA;351;43606;123375;NOVA;242;NÃO;1R;43606_HPT_8443009_1R
HPT 844300-9;43174;Motion Control;K36;ADAPTER PLUS;FUNDIDA;380;43606;123375;NOVA;242;NÃO;2R;43606_HPT_8443009_2R
HPT 844300-9;43174;Motion Control;K36;ADAPTER PLUS;FUNDIDA;360;43606;123375;NOVA;242;NÃO;3R;43606_HPT_8443009_3R
HPT 844300-9;43174;Motion Control;K36;ADAPTER PLUS;FUNDIDA;348;43606;123375;NOVA;242;NÃO;4R;43606_HPT_8443009_4R
HPT 844300-9;43174;Motion Control;K36;ADAPTER PLUS;FUNDIDA;342;43606;123375;NOVA;242;NÃO;4L;43606_HPT_8443009_4L
HPT 844300-9;43174;Motion Control;K36;ADAPTER PLUS;FUNDIDA;363;43606;123375;NOVA;242;NÃO;3L;43606_HPT_8443009_3L
HPT 844300-9;43174;Motion Control;K36;ADAPTER PLUS;FUNDIDA;364;43606;123375;NOVA;242;NÃO;2L;43606_HPT_8443009_2L
HPT 844300-9;43174;Motion Control;K36;ADAPTER PLUS;FUNDIDA;345;43606;123375;NOVA;242;NÃO;1L;43606_HPT_8443009_1L
HPT 844353-0;43193;Motion Control;K36;ADAPTER PLUS;FUNDIDA;342;43606;110497;NOVA;241;NÃO;1R;43606_HPT_8443530_1R
HPT 844353-0;43193;Motion Control;K36;ADAPTER PLUS;FUNDIDA;373;43606;110497;NOVA;241;NÃO;2R;43606_HPT_8443530_2R
HPT 844353-0;43193;Motion Control;K36;ADAPTER PLUS;FUNDIDA;380;43606;110497;NOVA;241;NÃO;3R;43606_HPT_8443530_3R
HPT 844353-0;43193;Motion Control;K36;ADAPTER PLUS;FUNDIDA;353;43606;110497;NOVA;241;NÃO;4R;43606_HPT_8443530_4R
HPT 844353-0;43193;Motion Control;K36;ADAPTER PLUS;FUNDIDA;351;43606;110497;NOVA;241;NÃO;4L;43606_HPT_8443530_4L
HPT 844353-0;43193;Motion Control;K36;ADAPTER PLUS;FUNDIDA;365;43606;110497;NOVA;241;NÃO;3L;43606_HPT_8443530_3L
HPT 844353-0;43193;Motion Control;K36;ADAPTER PLUS;FUNDIDA;363;43606;110497;NOVA;241;NÃO;2L;43606_HPT_8443530_2L
HPT 844353-0;43193;Motion Control;K36;ADAPTER PLUS;FUNDIDA;347;43606;110497;NOVA;241;NÃO;1L;43606_HPT_8443530_1L
HPT 844298-3;43174;Motion Control;K36;ADAPTER PLUS;FUNDIDA;345;43607;71483;NOVA;241;NÃO;1R;43607_HPT_8442983_1R
HPT 844298-3;43174;Motion Control;K36;ADAPTER PLUS;FUNDIDA;360;43607;71483;NOVA;241;NÃO;2R;43607_HPT_8442983_2R
HPT 844298-3;43174;Motion Control;K36;ADAPTER PLUS;FUNDIDA;347;43607;71483;NOVA;239;NÃO;3R;43607_HPT_8442983_3R
HPT 844298-3;43174;Motion Control;K36;ADAPTER PLUS;FUNDIDA;356;43607;71483;NOVA;239;NÃO;4R;43607_HPT_8442983_4R
HPT 844298-3;43174;Motion Control;K36;ADAPTER PLUS;FUNDIDA;353;43607;71483;NOVA;239;NÃO;4L;43607_HPT_8442983_4L
HPT 844298-3;43174;Motion Control;K36;ADAPTER PLUS;FUNDIDA;346;43607;71483;NOVA;239;NÃO;3L;43607_HPT_8442983_3L
HPT 844298-3;43174;Motion Control;K36;ADAPTER PLUS;FUNDIDA;353;43607;71483;NOVA;241;NÃO;2L;43607_HPT_8442983_2L
HPT 844298-3;43174;Motion Control;K36;ADAPTER PLUS;FUNDIDA;351;43607;71483;NOVA;241;NÃO;1L;43607_HPT_8442983_1L
HPT 844393-9;43195;Motion Control;K36;ADAPTER PLUS;FUNDIDA;357;43642;117176;NOVA;240;NÃO;1R;43642_HPT_8443939_1R
HPT 844393-9;43195;Motion Control;K36;ADAPTER PLUS;FUNDIDA;364;43642;117176;NOVA;240;NÃO;2R;43642_HPT_8443939_2R
HPT 844393-9;43195;Motion Control;K36;ADAPTER PLUS;FUNDIDA;380;43642;117176;NOVA;240;NÃO;3R;43642_HPT_8443939_3R
HPT 844393-9;43195;Motion Control;K36;ADAPTER PLUS;FUNDIDA;372;43642;117176;NOVA;240;NÃO;4R;43642_HPT_8443939_4R
HPT 844393-9;43195;Motion Control;K36;ADAPTER PLUS;FUNDIDA;376;43642;117176;NOVA;240;NÃO;4L;43642_HPT_8443939_4L
HPT 844393-9;43195;Motion Control;K36;ADAPTER PLUS;FUNDIDA;379;43642;117176;NOVA;240;NÃO;3L;43642_HPT_8443939_3L
HPT 844393-9;43195;Motion Control;K36;ADAPTER PLUS;FUNDIDA;370;43642;117176;NOVA;240;NÃO;2L;43642_HPT_8443939_2L
HPT 844393-9;43195;Motion Control;K36;ADAPTER PLUS;FUNDIDA;363;43642;117176;NOVA;240;NÃO;1L;43642_HPT_8443939_1L
HPT 844399-8;43195;Motion Control;K36;ADAPTER PLUS;FUNDIDA;359;43595;101540;NOVA;241;NÃO;1R;43595_HPT_8443998_1R
HPT 844399-8;43195;Motion Control;K36;ADAPTER PLUS;FUNDIDA;351;43595;101540;NOVA;241;NÃO;2R;43595_HPT_8443998_2R
HPT 844399-8;43195;Motion Control;K36;ADAPTER PLUS;FUNDIDA;364;43595;101540;NOVA;241;NÃO;3R;43595_HPT_8443998_3R
HPT 844399-8;43195;Motion Control;K36;ADAPTER PLUS;FUNDIDA;373;43595;101540;NOVA;241;NÃO;4R;43595_HPT_8443998_4R
HPT 844399-8;43195;Motion Control;K36;ADAPTER PLUS;FUNDIDA;368;43595;101540;NOVA;241;NÃO;4L;43595_HPT_8443998_4L
HPT 844399-8;43195;Motion Control;K36;ADAPTER PLUS;FUNDIDA;375;43595;101540;NOVA;241;NÃO;3L;43595_HPT_8443998_3L
HPT 844399-8;43195;Motion Control;K36;ADAPTER PLUS;FUNDIDA;356;43595;101540;NOVA;241;NÃO;2L;43595_HPT_8443998_2L
HPT 844399-8;43195;Motion Control;K36;ADAPTER PLUS;FUNDIDA;363;43595;101540;NOVA;241;NÃO;1L;43595_HPT_8443998_1L
HPT 844390-4;43195;Motion Control;K36;ADAPTER PLUS;FUNDIDA;363;43594;110593;NOVA;241;NÃO;1R;43594_HPT_8443904_1R
HPT 844390-4;43195;Motion Control;K36;ADAPTER PLUS;FUNDIDA;363;43594;110593;NOVA;241;NÃO;2R;43594_HPT_8443904_2R
HPT 844390-4;43195;Motion Control;K36;ADAPTER PLUS;FUNDIDA;374;43594;110593;NOVA;241;NÃO;3R;43594_HPT_8443904_3R
HPT 844390-4;43195;Motion Control;K36;ADAPTER PLUS;FUNDIDA;363;43594;110593;NOVA;241;NÃO;4R;43594_HPT_8443904_4R
HPT 844390-4;43195;Motion Control;K36;ADAPTER PLUS;FUNDIDA;361;43594;110593;NOVA;241;NÃO;4L;43594_HPT_8443904_4L
HPT 844390-4;43195;Motion Control;K36;ADAPTER PLUS;FUNDIDA;364;43594;110593;NOVA;241;NÃO;3L;43594_HPT_8443904_3L
HPT 844390-4;43195;Motion Control;K36;ADAPTER PLUS;FUNDIDA;362;43594;110593;NOVA;241;NÃO;2L;43594_HPT_8443904_2L
HPT 844390-4;43195;Motion Control;K36;ADAPTER PLUS;FUNDIDA;352;43594;110593;NOVA;241;NÃO;1L;43594_HPT_8443904_1L
HPT 301954-3;43237;Barber S-2-F;K36;BORRACHA ESTREITO (SCT);FUNDIDA;;43643;100056;NOVA;;NÃO;1R;43643_HPT_3019543_1R
HPT 301954-3;43237;Barber S-2-F;K36;BORRACHA ESTREITO (SCT);FUNDIDA;;43643;100056;NOVA;;NÃO;2R;43643_HPT_3019543_2R
HPT 301954-3;43237;Barber S-2-F;K36;BORRACHA ESTREITO (SCT);FUNDIDA;;43643;100056;NOVA;;NÃO;3R;43643_HPT_3019543_3R
HPT 301954-3;43237;Barber S-2-F;K36;BORRACHA ESTREITO (SCT);FUNDIDA;;43643;100056;NOVA;;NÃO;4R;43643_HPT_3019543_4R
HPT 301954-3;43237;Barber S-2-F;K36;BORRACHA ESTREITO (SCT);FUNDIDA;;43643;100056;NOVA;;NÃO;4L;43643_HPT_3019543_4L
HPT 301954-3;43237;Barber S-2-F;K36;BORRACHA ESTREITO (SCT);FUNDIDA;;43643;100056;NOVA;;NÃO;3L;43643_HPT_3019543_3L
HPT 301954-3;43237;Barber S-2-F;K36;BORRACHA ESTREITO (SCT);FUNDIDA;;43643;100056;NOVA;;NÃO;2L;43643_HPT_3019543_2L
HPT 301954-3;43237;Barber S-2-F;K36;BORRACHA ESTREITO (SCT);FUNDIDA;;43643;100056;NOVA;;NÃO;1L;43643_HPT_3019543_1L
HPT 301961-6;43237;Barber S-2-F;K36;BORRACHA ESTREITO (SCT);FUNDIDA;;43606;79735;NOVA;;NÃO;1R;43606_HPT_3019616_1R
HPT 301961-6;43237;Barber S-2-F;K36;BORRACHA ESTREITO (SCT);FUNDIDA;;43606;79735;NOVA;;NÃO;2R;43606_HPT_3019616_2R
HPT 301961-6;43237;Barber S-2-F;K36;BORRACHA ESTREITO (SCT);FUNDIDA;;43606;79735;NOVA;;NÃO;3R;43606_HPT_3019616_3R
HPT 301961-6;43237;Barber S-2-F;K36;BORRACHA ESTREITO (SCT);FUNDIDA;;43606;79735;NOVA;;NÃO;4R;43606_HPT_3019616_4R
HPT 301961-6;43237;Barber S-2-F;K36;BORRACHA ESTREITO (SCT);FUNDIDA;;43606;79735;NOVA;;NÃO;4L;43606_HPT_3019616_4L
HPT 301961-6;43237;Barber S-2-F;K36;BORRACHA ESTREITO (SCT);FUNDIDA;;43606;79735;NOVA;;NÃO;3L;43606_HPT_3019616_3L
HPT 301961-6;43237;Barber S-2-F;K36;BORRACHA ESTREITO (SCT);FUNDIDA;;43606;79735;NOVA;;NÃO;2L;43606_HPT_3019616_2L
HPT 301961-6;43237;Barber S-2-F;K36;BORRACHA ESTREITO (SCT);FUNDIDA;;43606;79735;NOVA;;NÃO;1L;43606_HPT_3019616_1L
HPT 301962-4;43237;Barber S-2-F;K36;BORRACHA ESTREITO (SCT);FUNDIDA;;43595;86675;NOVA;;NÃO;1R;43595_HPT_3019624_1R
HPT 301962-4;43237;Barber S-2-F;K36;BORRACHA ESTREITO (SCT);FUNDIDA;;43595;86675;NOVA;;NÃO;2R;43595_HPT_3019624_2R
HPT 301962-4;43237;Barber S-2-F;K36;BORRACHA ESTREITO (SCT);FUNDIDA;;43595;86675;NOVA;;NÃO;3R;43595_HPT_3019624_3R
HPT 301962-4;43237;Barber S-2-F;K36;BORRACHA ESTREITO (SCT);FUNDIDA;;43595;86675;NOVA;;NÃO;4R;43595_HPT_3019624_4R
HPT 301962-4;43237;Barber S-2-F;K36;BORRACHA ESTREITO (SCT);FUNDIDA;;43595;86675;NOVA;;NÃO;4L;43595_HPT_3019624_4L
HPT 301962-4;43237;Barber S-2-F;K36;BORRACHA ESTREITO (SCT);FUNDIDA;;43595;86675;NOVA;;NÃO;3L;43595_HPT_3019624_3L
HPT 301962-4;43237;Barber S-2-F;K36;BORRACHA ESTREITO (SCT);FUNDIDA;;43595;86675;NOVA;;NÃO;2L;43595_HPT_3019624_2L
HPT 301962-4;43237;Barber S-2-F;K36;BORRACHA ESTREITO (SCT);FUNDIDA;;43595;86675;NOVA;;NÃO;1L;43595_HPT_3019624_1L
HPT 844405-6;43198;Motion Control;K36;ADAPTER PLUS;FUNDIDA;363;43662;116681;NOVA;237;NÃO;1R;43662_HPT_8444056_1R
HPT 844405-6;43198;Motion Control;K36;ADAPTER PLUS;FUNDIDA;364;43662;116681;NOVA;237;NÃO;2R;43662_HPT_8444056_2R
HPT 844405-6;43198;Motion Control;K36;ADAPTER PLUS;FUNDIDA;369;43662;116681;NOVA;237;NÃO;3R;43662_HPT_8444056_3R
HPT 844405-6;43198;Motion Control;K36;ADAPTER PLUS;FUNDIDA;351;43662;116681;NOVA;237;NÃO;4R;43662_HPT_8444056_4R
HPT 844405-6;43198;Motion Control;K36;ADAPTER PLUS;FUNDIDA;351;43662;116681;NOVA;237;NÃO;4L;43662_HPT_8444056_4L
HPT 844405-6;43198;Motion Control;K36;ADAPTER PLUS;FUNDIDA;370;43662;116681;NOVA;237;NÃO;3L;43662_HPT_8444056_3L
HPT 844405-6;43198;Motion Control;K36;ADAPTER PLUS;FUNDIDA;380;43662;116681;NOVA;237;NÃO;2L;43662_HPT_8444056_2L
HPT 844405-6;43198;Motion Control;K36;ADAPTER PLUS;FUNDIDA;342;43662;116681;NOVA;237;NÃO;1L;43662_HPT_8444056_1L
HPT 844446-3;43480;Motion Control;K36;ADAPTER PLUS;FUNDIDA;;43608;36531;NOVA;241;NÃO;1R;43608_HPT_8444463_1R
HPT 844446-3;43480;Motion Control;K36;ADAPTER PLUS;FUNDIDA;;43608;36531;NOVA;241;NÃO;2R;43608_HPT_8444463_2R
HPT 844446-3;43480;Motion Control;K36;ADAPTER PLUS;FUNDIDA;;43608;36531;NOVA;241;NÃO;3R;43608_HPT_8444463_3R
HPT 844446-3;43480;Motion Control;K36;ADAPTER PLUS;FUNDIDA;;43608;36531;NOVA;241;NÃO;4R;43608_HPT_8444463_4R
HPT 844446-3;43480;Motion Control;K36;ADAPTER PLUS;FUNDIDA;;43608;36531;NOVA;241;NÃO;4L;43608_HPT_8444463_4L
HPT 844446-3;43480;Motion Control;K36;ADAPTER PLUS;FUNDIDA;;43608;36531;NOVA;241;NÃO;3L;43608_HPT_8444463_3L
HPT 844446-3;43480;Motion Control;K36;ADAPTER PLUS;FUNDIDA;;43608;36531;NOVA;241;NÃO;2L;43608_HPT_8444463_2L
HPT 844446-3;43480;Motion Control;K36;ADAPTER PLUS;FUNDIDA;;43608;36531;NOVA;241;NÃO;1L;43608_HPT_8444463_1L
HPT 844457-9;43480;Motion Control;K36;ADAPTER PLUS;FUNDIDA;;43608;33772;NOVA;240;NÃO;1R;43608_HPT_8444579_1R
HPT 844457-9;43480;Motion Control;K36;ADAPTER PLUS;FUNDIDA;;43608;33772;NOVA;240;NÃO;2R;43608_HPT_8444579_2R
HPT 844457-9;43480;Motion Control;K36;ADAPTER PLUS;FUNDIDA;;43608;33772;NOVA;240;NÃO;3R;43608_HPT_8444579_3R
HPT 844457-9;43480;Motion Control;K36;ADAPTER PLUS;FUNDIDA;;43608;33772;NOVA;240;NÃO;4R;43608_HPT_8444579_4R
HPT 844457-9;43480;Motion Control;K36;ADAPTER PLUS;FUNDIDA;;43608;33772;NOVA;240;NÃO;4L;43608_HPT_8444579_4L
HPT 844457-9;43480;Motion Control;K36;ADAPTER PLUS;FUNDIDA;;43608;33772;NOVA;240;NÃO;3L;43608_HPT_8444579_3L
HPT 844457-9;43480;Motion Control;K36;ADAPTER PLUS;FUNDIDA;;43608;33772;NOVA;240;NÃO;2L;43608_HPT_8444579_2L
HPT 844457-9;43480;Motion Control;K36;ADAPTER PLUS;FUNDIDA;;43608;33772;NOVA;240;NÃO;1L;43608_HPT_8444579_1L
HPT 844624-5;43480;Motion Control;K36;ADAPTER PLUS;FUNDIDA;;43644;48766;NOVA;241;NÃO;1R;43644_HPT_8446245_1R
HPT 844624-5;43480;Motion Control;K36;ADAPTER PLUS;FUNDIDA;;43644;48766;NOVA;241;NÃO;2R;43644_HPT_8446245_2R
HPT 844624-5;43480;Motion Control;K36;ADAPTER PLUS;FUNDIDA;;43644;48766;NOVA;241;NÃO;3R;43644_HPT_8446245_3R
HPT 844624-5;43480;Motion Control;K36;ADAPTER PLUS;FUNDIDA;;43644;48766;NOVA;241;NÃO;4R;43644_HPT_8446245_4R
HPT 844624-5;43480;Motion Control;K36;ADAPTER PLUS;FUNDIDA;;43644;48766;NOVA;241;NÃO;4L;43644_HPT_8446245_4L
HPT 844624-5;43480;Motion Control;K36;ADAPTER PLUS;FUNDIDA;;43644;48766;NOVA;241;NÃO;3L;43644_HPT_8446245_3L
HPT 844624-5;43480;Motion Control;K36;ADAPTER PLUS;FUNDIDA;;43644;48766;NOVA;241;NÃO;2L;43644_HPT_8446245_2L
HPT 844624-5;43480;Motion Control;K36;ADAPTER PLUS;FUNDIDA;;43644;48766;NOVA;241;NÃO;1L;43644_HPT_8446245_1L
HPT 844523-1;43480;Motion Control;K36;ADAPTER PLUS;FUNDIDA;374;43606;27777;NOVA;241;NÃO;1R;43606_HPT_8445231_1R
HPT 844523-1;43480;Motion Control;K36;ADAPTER PLUS;FUNDIDA;359;43606;27777;NOVA;240;NÃO;2R;43606_HPT_8445231_2R
HPT 844523-1;43480;Motion Control;K36;ADAPTER PLUS;FUNDIDA;380;43606;27777;NOVA;242;NÃO;3R;43606_HPT_8445231_3R
HPT 844523-1;43480;Motion Control;K36;ADAPTER PLUS;FUNDIDA;357;43606;27777;NOVA;242;NÃO;4R;43606_HPT_8445231_4R
HPT 844523-1;43480;Motion Control;K36;ADAPTER PLUS;FUNDIDA;363;43606;27777;NOVA;242;NÃO;4L;43606_HPT_8445231_4L
HPT 844523-1;43480;Motion Control;K36;ADAPTER PLUS;FUNDIDA;364;43606;27777;NOVA;242;NÃO;3L;43606_HPT_8445231_3L
HPT 844523-1;43480;Motion Control;K36;ADAPTER PLUS;FUNDIDA;353;43606;27777;NOVA;240;NÃO;2L;43606_HPT_8445231_2L
HPT 844523-1;43480;Motion Control;K36;ADAPTER PLUS;FUNDIDA;380;43606;27777;NOVA;241;NÃO;1L;43606_HPT_8445231_1L
HPT 844548-6;43480;Motion Control;K36;ADAPTER PLUS;FUNDIDA;;43609;32868;NOVA;242;NÃO;1R;43609_HPT_8445486_1R
HPT 844548-6;43480;Motion Control;K36;ADAPTER PLUS;FUNDIDA;;43609;32868;NOVA;242;NÃO;2R;43609_HPT_8445486_2R
HPT 844548-6;43480;Motion Control;K36;ADAPTER PLUS;FUNDIDA;;43609;32868;NOVA;242;NÃO;3R;43609_HPT_8445486_3R
HPT 844548-6;43480;Motion Control;K36;ADAPTER PLUS;FUNDIDA;;43609;32868;NOVA;242;NÃO;4R;43609_HPT_8445486_4R
HPT 844548-6;43480;Motion Control;K36;ADAPTER PLUS;FUNDIDA;;43609;32868;NOVA;242;NÃO;4L;43609_HPT_8445486_4L
HPT 844548-6;43480;Motion Control;K36;ADAPTER PLUS;FUNDIDA;;43609;32868;NOVA;242;NÃO;3L;43609_HPT_8445486_3L
HPT 844548-6;43480;Motion Control;K36;ADAPTER PLUS;FUNDIDA;;43609;32868;NOVA;242;NÃO;2L;43609_HPT_8445486_2L
HPT 844548-6;43480;Motion Control;K36;ADAPTER PLUS;FUNDIDA;;43609;32868;NOVA;242;NÃO;1L;43609_HPT_8445486_1L
HPT 844588-5;43480;Motion Control;K36;ADAPTER PLUS;FUNDIDA;;43607;21447;NOVA;239;NÃO;1R;43607_HPT_8445885_1R
HPT 844588-5;43480;Motion Control;K36;ADAPTER PLUS;FUNDIDA;;43607;21447;NOVA;240;NÃO;2R;43607_HPT_8445885_2R
HPT 844588-5;43480;Motion Control;K36;ADAPTER PLUS;FUNDIDA;;43607;21447;NOVA;241;NÃO;3R;43607_HPT_8445885_3R
HPT 844588-5;43480;Motion Control;K36;ADAPTER PLUS;FUNDIDA;;43607;21447;NOVA;241;NÃO;4R;43607_HPT_8445885_4R
HPT 844588-5;43480;Motion Control;K36;ADAPTER PLUS;FUNDIDA;;43607;21447;NOVA;241;NÃO;4L;43607_HPT_8445885_4L
HPT 844588-5;43480;Motion Control;K36;ADAPTER PLUS;FUNDIDA;;43607;21447;NOVA;241;NÃO;3L;43607_HPT_8445885_3L
HPT 844588-5;43480;Motion Control;K36;ADAPTER PLUS;FUNDIDA;;43607;21447;NOVA;240;NÃO;2L;43607_HPT_8445885_2L
HPT 844588-5;43480;Motion Control;K36;ADAPTER PLUS;FUNDIDA;;43607;21447;NOVA;239;NÃO;1L;43607_HPT_8445885_1L
HPT 844555-9;43480;Motion Control;K36;ADAPTER PLUS;FUNDIDA;;43607;22687;NOVA;241;NÃO;1R;43607_HPT_8445559_1R
HPT 844555-9;43480;Motion Control;K36;ADAPTER PLUS;FUNDIDA;;43607;22687;NOVA;241;NÃO;2R;43607_HPT_8445559_2R
HPT 844555-9;43480;Motion Control;K36;ADAPTER PLUS;FUNDIDA;;43607;22687;NOVA;241;NÃO;3R;43607_HPT_8445559_3R
HPT 844555-9;43480;Motion Control;K36;ADAPTER PLUS;FUNDIDA;;43607;22687;NOVA;241;NÃO;4R;43607_HPT_8445559_4R
HPT 844555-9;43480;Motion Control;K36;ADAPTER PLUS;FUNDIDA;;43607;22687;NOVA;241;NÃO;4L;43607_HPT_8445559_4L
HPT 844555-9;43480;Motion Control;K36;ADAPTER PLUS;FUNDIDA;;43607;22687;NOVA;241;NÃO;3L;43607_HPT_8445559_3L
HPT 844555-9;43480;Motion Control;K36;ADAPTER PLUS;FUNDIDA;;43607;22687;NOVA;241;NÃO;2L;43607_HPT_8445559_2L
HPT 844555-9;43480;Motion Control;K36;ADAPTER PLUS;FUNDIDA;;43607;22687;NOVA;241;NÃO;1L;43607_HPT_8445559_1L
HPT 844565-6;43480;Motion Control;K36;ADAPTER PLUS;FUNDIDA;;43594;32815;NOVA;241;NÃO;1R;43594_HPT_8445656_1R
HPT 844565-6;43480;Motion Control;K36;ADAPTER PLUS;FUNDIDA;;43594;32815;NOVA;241;NÃO;2R;43594_HPT_8445656_2R
HPT 844565-6;43480;Motion Control;K36;ADAPTER PLUS;FUNDIDA;;43594;32815;NOVA;242;NÃO;3R;43594_HPT_8445656_3R
HPT 844565-6;43480;Motion Control;K36;ADAPTER PLUS;FUNDIDA;;43594;32815;NOVA;242;NÃO;4R;43594_HPT_8445656_4R
HPT 844565-6;43480;Motion Control;K36;ADAPTER PLUS;FUNDIDA;;43594;32815;NOVA;242;NÃO;4L;43594_HPT_8445656_4L
HPT 844565-6;43480;Motion Control;K36;ADAPTER PLUS;FUNDIDA;;43594;32815;NOVA;242;NÃO;3L;43594_HPT_8445656_3L
HPT 844565-6;43480;Motion Control;K36;ADAPTER PLUS;FUNDIDA;;43594;32815;NOVA;241;NÃO;2L;43594_HPT_8445656_2L
HPT 844565-6;43480;Motion Control;K36;ADAPTER PLUS;FUNDIDA;;43594;32815;NOVA;241;NÃO;1L;43594_HPT_8445656_1L
HPT 844655-5;43480;Motion Control;K36;ADAPTER PLUS;FUNDIDA;;43594;25249;NOVA;241;NÃO;1R;43594_HPT_8446555_1R
HPT 844655-5;43480;Motion Control;K36;ADAPTER PLUS;FUNDIDA;;43594;25249;NOVA;241;NÃO;2R;43594_HPT_8446555_2R
HPT 844655-5;43480;Motion Control;K36;ADAPTER PLUS;FUNDIDA;;43594;25249;NOVA;241;NÃO;3R;43594_HPT_8446555_3R
HPT 844655-5;43480;Motion Control;K36;ADAPTER PLUS;FUNDIDA;;43594;25249;NOVA;241;NÃO;4R;43594_HPT_8446555_4R
HPT 844655-5;43480;Motion Control;K36;ADAPTER PLUS;FUNDIDA;;43594;25249;NOVA;241;NÃO;4L;43594_HPT_8446555_4L
HPT 844655-5;43480;Motion Control;K36;ADAPTER PLUS;FUNDIDA;;43594;25249;NOVA;241;NÃO;3L;43594_HPT_8446555_3L
HPT 844655-5;43480;Motion Control;K36;ADAPTER PLUS;FUNDIDA;;43594;25249;NOVA;241;NÃO;2L;43594_HPT_8446555_2L
HPT 844655-5;43480;Motion Control;K36;ADAPTER PLUS;FUNDIDA;;43594;25249;NOVA;241;NÃO;1L;43594_HPT_8446555_1L
HFT 055299-2;40534;Ride Control ;K36;NÃO;FORJADA;;43609;800964;NOVA;;NÃO;1R;43609_HFT_0552992_1R
HFT 055299-2;40534;Ride Control ;K36;NÃO;FORJADA;;43609;800964;NOVA;;NÃO;2R;43609_HFT_0552992_2R
HFT 055299-2;40534;Ride Control ;K36;NÃO;FORJADA;;43609;800964;NOVA;;NÃO;3R;43609_HFT_0552992_3R
HFT 055299-2;40534;Ride Control ;K36;NÃO;FORJADA;;43609;800964;NOVA;;NÃO;4R;43609_HFT_0552992_4R
HFT 055299-2;40534;Ride Control ;K36;NÃO;FORJADA;;43609;800964;NOVA;;NÃO;4L;43609_HFT_0552992_4L
HFT 055299-2;40534;Ride Control ;K36;NÃO;FORJADA;;43609;800964;NOVA;;NÃO;3L;43609_HFT_0552992_3L
HFT 055299-2;40534;Ride Control ;K36;NÃO;FORJADA;;43609;800964;NOVA;;NÃO;2L;43609_HFT_0552992_2L
HFT 055299-2;40534;Ride Control ;K36;NÃO;FORJADA;;43609;800964;NOVA;;NÃO;1L;43609_HFT_0552992_1L
HFT 055303-4;40534;Ride Control;K36;NÃO;FUNDIDA;;43594;746505;NOVA;;NÃO;1R;43594_HFT_0553034_1R
HFT 055303-4;40534;Ride Control;K36;NÃO;FUNDIDA;;43594;746505;NOVA;;NÃO;2R;43594_HFT_0553034_2R
HFT 055303-4;40534;Ride Control;K36;NÃO;FUNDIDA;;43594;746505;NOVA;;NÃO;3R;43594_HFT_0553034_3R
HFT 055303-4;40534;Ride Control;K36;NÃO;FORJADA;;43594;746505;NOVA;;NÃO;4R;43594_HFT_0553034_4R
HFT 055303-4;40534;Ride Control;K36;NÃO;FORJADA;;43594;746505;NOVA;;NÃO;4L;43594_HFT_0553034_4L
HFT 055303-4;40534;Ride Control;K36;NÃO;FUNDIDA;;43594;746505;NOVA;;NÃO;3L;43594_HFT_0553034_3L
HFT 055303-4;40534;Ride Control;K36;NÃO;FUNDIDA;;43594;746505;NOVA;;NÃO;2L;43594_HFT_0553034_2L
HFT 055303-4;40534;Ride Control;K36;NÃO;FUNDIDA;;43594;746505;NOVA;;NÃO;1L;43594_HFT_0553034_1L
HFT 055444-8;40577;Ride Control ;K36;NÃO;FORJADA;;43607;767248;NOVA;;NÃO;1R;43607_HFT_0554448_1R
HFT 055444-8;40577;Ride Control ;K36;NÃO;FORJADA;;43607;767248;NOVA;;NÃO;2R;43607_HFT_0554448_2R
HFT 055444-8;40577;Ride Control ;K36;NÃO;FORJADA;;43607;767248;NOVA;;NÃO;3R;43607_HFT_0554448_3R
HFT 055444-8;40577;Ride Control ;K36;NÃO;FORJADA;;43607;767248;NOVA;;NÃO;4R;43607_HFT_0554448_4R
HFT 055444-8;40577;Ride Control ;K36;NÃO;FORJADA;;43607;767248;NOVA;;NÃO;4L;43607_HFT_0554448_4L
HFT 055444-8;40577;Ride Control ;K36;NÃO;FORJADA;;43607;767248;NOVA;;NÃO;3L;43607_HFT_0554448_3L
HFT 055444-8;40577;Ride Control ;K36;NÃO;FORJADA;;43607;767248;NOVA;;NÃO;2L;43607_HFT_0554448_2L
HFT 055444-8;40577;Ride Control ;K36;NÃO;FORJADA;;43607;767248;NOVA;;NÃO;1L;43607_HFT_0554448_1L
HFT 055885-1;40687;Ride Control ;K36;NÃO;FORJADA (CHINA);;43609;796844;NOVA;;NÃO;1R;43609_HFT_0558851_1R
HFT 055885-1;40687;Ride Control ;K36;NÃO;FORJADA (CHINA);;43609;796844;NOVA;;NÃO;2R;43609_HFT_0558851_2R
HFT 055885-1;40687;Ride Control ;K36;NÃO;FORJADA (CHINA);;43609;796844;NOVA;;NÃO;3R;43609_HFT_0558851_3R
HFT 055885-1;40687;Ride Control ;K36;NÃO;FORJADA (CHINA);;43609;796844;NOVA;;NÃO;4R;43609_HFT_0558851_4R
HFT 055885-1;40687;Ride Control ;K36;NÃO;FORJADA (CHINA);;43609;796844;NOVA;;NÃO;4L;43609_HFT_0558851_4L
HFT 055885-1;40687;Ride Control ;K36;NÃO;FORJADA (CHINA);;43609;796844;NOVA;;NÃO;3L;43609_HFT_0558851_3L
HFT 055885-1;40687;Ride Control ;K36;NÃO;FORJADA (CHINA);;43609;796844;NOVA;;NÃO;2L;43609_HFT_0558851_2L
HFT 055885-1;40687;Ride Control ;K36;NÃO;FORJADA (CHINA);;43609;796844;NOVA;;NÃO;1L;43609_HFT_0558851_1L
HFT 841262-6;41674;Ride Master;K36;NÃO;FORJADA (MWL);;43643;543529;NOVA;;NÃO;1R;43643_HFT_8412626_1R
HFT 841262-6;41674;Ride Master;K36;NÃO;FORJADA (MWL);;43643;543529;NOVA;;NÃO;2R;43643_HFT_8412626_2R
HFT 841262-6;41674;Ride Master;K36;NÃO;FORJADA (MWL);;43643;543529;NOVA;;NÃO;3R;43643_HFT_8412626_3R
HFT 841262-6;41674;Ride Master;K36;NÃO;FORJADA (MWL);;43643;543529;NOVA;;NÃO;4R;43643_HFT_8412626_4R
HFT 841262-6;41674;Ride Master;K36;NÃO;FORJADA (MWL);;43643;543529;NOVA;;NÃO;4L;43643_HFT_8412626_4L
HFT 841262-6;41674;Ride Master;K36;NÃO;FORJADA (MWL);;43643;543529;NOVA;;NÃO;3L;43643_HFT_8412626_3L
HFT 841262-6;41674;Ride Master;K36;NÃO;FORJADA (MWL);;43643;543529;NOVA;;NÃO;2L;43643_HFT_8412626_2L
HFT 841262-6;41674;Ride Master;K36;NÃO;FORJADA (MWL);;43643;543529;NOVA;;NÃO;1L;43643_HFT_8412626_1L
HFT 099037-0;42320;Ride Control;K36;DESCONSIDERAR;FUNDIDA;;;DESCONSIDERAR;NOVA;;NÃO;1R;_HFT_0990370_1R
HFT 099037-0;42320;Ride Control;K36;DESCONSIDERAR;FUNDIDA;;;DESCONSIDERAR;NOVA;;NÃO;2R;_HFT_0990370_2R
HFT 099037-0;42320;Ride Control;K36;DESCONSIDERAR;FUNDIDA;;;DESCONSIDERAR;NOVA;;NÃO;3R;_HFT_0990370_3R
HFT 099037-0;42320;Ride Control;K36;DESCONSIDERAR;FUNDIDA;;;DESCONSIDERAR;NOVA;;NÃO;4R;_HFT_0990370_4R
HFT 099037-0;42320;Ride Control;K36;DESCONSIDERAR;FUNDIDA;;;DESCONSIDERAR;NOVA;;NÃO;4L;_HFT_0990370_4L
HFT 099037-0;42320;Ride Control;K36;DESCONSIDERAR;FUNDIDA;;;DESCONSIDERAR;NOVA;;NÃO;3L;_HFT_0990370_3L
HFT 099037-0;42320;Ride Control;K36;DESCONSIDERAR;FUNDIDA;;;DESCONSIDERAR;NOVA;;NÃO;2L;_HFT_0990370_2L
HFT 099037-0;42320;Ride Control;K36;DESCONSIDERAR;FUNDIDA;;;DESCONSIDERAR;NOVA;;NÃO;1L;_HFT_0990370_1L
HPT 030658-4;42031;Ride Control;K36;NÃO;FUNDIDA;;43643;389398;NOVA;;NÃO;1R;43643_HPT_0306584_1R
HPT 030658-4;42031;Ride Control;K36;NÃO;FUNDIDA;;43643;389398;NOVA;;NÃO;2R;43643_HPT_0306584_2R
HPT 030658-4;42031;Ride Control;K36;NÃO;FUNDIDA;;43643;DESCONSIDERAR;NOVA;;SIM;3R;43643_HPT_0306584_3R
HPT 030658-4;42031;Ride Control;K36;NÃO;FUNDIDA;;43643;389398;NOVA;;NÃO;4R;43643_HPT_0306584_4R
HPT 030658-4;42031;Ride Control;K36;NÃO;FUNDIDA;;43643;389398;NOVA;;NÃO;4L;43643_HPT_0306584_4L
HPT 030658-4;42031;Ride Control;K36;NÃO;FUNDIDA;;43643;DESCONSIDERAR;NOVA;;SIM;3L;43643_HPT_0306584_3L
HPT 030658-4;42031;Ride Control;K36;NÃO;FUNDIDA;;43643;389398;NOVA;;NÃO;2L;43643_HPT_0306584_2L
HPT 030658-4;42031;Ride Control;K36;NÃO;FUNDIDA;;43643;389398;NOVA;;NÃO;1L;43643_HPT_0306584_1L
HPT 030133-7;42496;Ride Control;K36;NÃO;FUNDIDA;;43644;302857;NOVA;;NÃO;1R;43644_HPT_0301337_1R
HPT 030133-7;42496;Ride Control;K36;NÃO;FUNDIDA;;43644;302857;NOVA;;NÃO;2R;43644_HPT_0301337_2R
HPT 030133-7;42496;Ride Control;K36;NÃO;FUNDIDA;;43644;DESCONSIDERAR;NOVA;;SIM;3R;43644_HPT_0301337_3R
HPT 030133-7;42496;Ride Control;K36;NÃO;FUNDIDA;;43644;302857;NOVA;;NÃO;4R;43644_HPT_0301337_4R
HPT 030133-7;42496;Ride Control;K36;NÃO;FUNDIDA;;43644;302857;NOVA;;NÃO;4L;43644_HPT_0301337_4L
HPT 030133-7;42496;Ride Control;K36;NÃO;FUNDIDA;;43644;DESCONSIDERAR;NOVA;;SIM;3L;43644_HPT_0301337_3L
HPT 030133-7;42496;Ride Control;K36;NÃO;FUNDIDA;;43644;302857;NOVA;;NÃO;2L;43644_HPT_0301337_2L
HPT 030133-7;42496;Ride Control;K36;NÃO;FUNDIDA;;43644;302857;NOVA;;NÃO;1L;43644_HPT_0301337_1L
HFT 055030-2;42441;Ride Control;K36;NÃO;FUNDIDA;;43608;315655;NOVA;;NÃO;1R;43608_HFT_0550302_1R
HFT 055030-2;42441;Ride Control;K36;NÃO;FUNDIDA;;43608;315655;NOVA;;NÃO;2R;43608_HFT_0550302_2R
HFT 055030-2;42441;Ride Control;K36;NÃO;FUNDIDA;;43608;315655;NOVA;;NÃO;3R;43608_HFT_0550302_3R
HFT 055030-2;42441;Ride Control;K36;NÃO;FUNDIDA;;43608;315655;NOVA;;NÃO;4R;43608_HFT_0550302_4R
HFT 055030-2;42441;Ride Control;K36;NÃO;FUNDIDA;;43608;315655;NOVA;;NÃO;4L;43608_HFT_0550302_4L
HFT 055030-2;42441;Ride Control;K36;NÃO;FUNDIDA;;43608;315655;NOVA;;NÃO;3L;43608_HFT_0550302_3L
HFT 055030-2;42441;Ride Control;K36;NÃO;FUNDIDA;;43608;315655;NOVA;;NÃO;2L;43608_HFT_0550302_2L
HFT 055030-2;42441;Ride Control;K36;NÃO;FUNDIDA;;43608;315655;NOVA;;NÃO;1L;43608_HFT_0550302_1L
HFT 055649-1;42730;Ride Control;K36;NÃO;FUNDIDA;;43595;249244;NOVA;;NÃO;1R;43595_HFT_0556491_1R
HFT 055649-1;42730;Ride Control;K36;NÃO;FUNDIDA;;43595;249244;NOVA;;NÃO;2R;43595_HFT_0556491_2R
HFT 055649-1;42730;Ride Control;K36;NÃO;FUNDIDA;;43595;249244;NOVA;;NÃO;3R;43595_HFT_0556491_3R
HFT 055649-1;42730;Ride Control;K36;NÃO;FUNDIDA;;43595;249244;NOVA;;NÃO;4R;43595_HFT_0556491_4R
HFT 055649-1;42730;Ride Control;K36;NÃO;FUNDIDA;;43595;249244;NOVA;;NÃO;4L;43595_HFT_0556491_4L
HFT 055649-1;42730;Ride Control;K36;NÃO;FUNDIDA;;43595;249244;NOVA;;NÃO;3L;43595_HFT_0556491_3L
HFT 055649-1;42730;Ride Control;K36;NÃO;FUNDIDA;;43595;249244;NOVA;;NÃO;2L;43595_HFT_0556491_2L
HFT 055649-1;42730;Ride Control;K36;NÃO;FUNDIDA;;43595;249244;NOVA;;NÃO;1L;43595_HFT_0556491_1L
HPT 030834-0;42740;Ride Control;K36;POLÍMERO LARGO;FUNDIDA;;43591;227115;NOVA;;NÃO;1R;43591_HPT_0308340_1R
HPT 030834-0;42740;Ride Control;K36;POLÍMERO LARGO;FUNDIDA;;43591;227115;NOVA;;NÃO;2R;43591_HPT_0308340_2R
HPT 030834-0;42740;Ride Control;K36;POLÍMERO LARGO;FUNDIDA;;43591;227115;NOVA;;NÃO;3R;43591_HPT_0308340_3R
HPT 030834-0;42740;Ride Control;K36;POLÍMERO LARGO;FUNDIDA;;43591;227115;NOVA;;NÃO;4R;43591_HPT_0308340_4R
HPT 030834-0;42740;Ride Control;K36;POLÍMERO LARGO;FUNDIDA;;43591;227115;NOVA;;NÃO;4L;43591_HPT_0308340_4L
HPT 030834-0;42740;Ride Control;K36;POLÍMERO LARGO;FUNDIDA;;43591;227115;NOVA;;NÃO;3L;43591_HPT_0308340_3L
HPT 030834-0;42740;Ride Control;K36;POLÍMERO LARGO;FUNDIDA;;43591;227115;NOVA;;NÃO;2L;43591_HPT_0308340_2L
HPT 030834-0;42740;Ride Control;K36;POLÍMERO LARGO;FUNDIDA;;43591;227115;NOVA;;NÃO;1L;43591_HPT_0308340_1L
HPT 030282-1;43031;Ride Control;K36;POLÍMERO LARGO;FUNDIDA;;43606;162814;NOVA;;NÃO;1R;43606_HPT_0302821_1R
HPT 030282-1;43031;Ride Control;K36;POLÍMERO LARGO;FUNDIDA;;43606;162814;NOVA;;NÃO;2R;43606_HPT_0302821_2R
HPT 030282-1;43031;Ride Control;K36;POLÍMERO LARGO;FUNDIDA;;43606;162814;NOVA;;NÃO;3R;43606_HPT_0302821_3R
HPT 030282-1;43031;Ride Control;K36;POLÍMERO LARGO;FUNDIDA;;43606;162814;NOVA;;NÃO;4R;43606_HPT_0302821_4R
HPT 030282-1;43031;Ride Control;K36;POLÍMERO LARGO;FUNDIDA;;43606;162814;NOVA;;NÃO;4L;43606_HPT_0302821_4L
HPT 030282-1;43031;Ride Control;K36;POLÍMERO LARGO;FUNDIDA;;43606;162814;NOVA;;NÃO;3L;43606_HPT_0302821_3L
HPT 030282-1;43031;Ride Control;K36;POLÍMERO LARGO;FUNDIDA;;43606;162814;NOVA;;NÃO;2L;43606_HPT_0302821_2L
HPT 030282-1;43031;Ride Control;K36;POLÍMERO LARGO;FUNDIDA;;43606;162814;NOVA;;NÃO;1L;43606_HPT_0302821_1L
HFT 055835-4;43111;Ride Control;K36;POLÍMERO LARGO;FUNDIDA;;43609;146233;NOVA;;NÃO;1R;43609_HFT_0558354_1R
HFT 055835-4;43111;Ride Control;K36;POLÍMERO LARGO;FUNDIDA;;43609;146233;NOVA;;NÃO;2R;43609_HFT_0558354_2R
HFT 055835-4;43111;Ride Control;K36;POLÍMERO LARGO;FUNDIDA;;43609;146233;NOVA;;NÃO;3R;43609_HFT_0558354_3R
HFT 055835-4;43111;Ride Control;K36;POLÍMERO LARGO;FUNDIDA;;43609;146233;NOVA;;NÃO;4R;43609_HFT_0558354_4R
HFT 055835-4;43111;Ride Control;K36;POLÍMERO LARGO;FUNDIDA;;43609;146233;NOVA;;NÃO;4L;43609_HFT_0558354_4L
HFT 055835-4;43111;Ride Control;K36;POLÍMERO LARGO;FUNDIDA;;43609;146233;NOVA;;NÃO;3L;43609_HFT_0558354_3L
HFT 055835-4;43111;Ride Control;K36;POLÍMERO LARGO;FUNDIDA;;43609;146233;NOVA;;NÃO;2L;43609_HFT_0558354_2L
HFT 055835-4;43111;Ride Control;K36;POLÍMERO LARGO;FUNDIDA;;43609;146233;NOVA;;NÃO;1L;43609_HFT_0558354_1L
HFT 055021-3;43119;Ride Control;K36;;FORJADA (STANDARD STEEL);;;;NOVA;;;1R;_HFT_0550213_1R
HFT 055021-3;43119;Ride Control;K36;;FORJADA (STANDARD STEEL);;;;NOVA;;;2R;_HFT_0550213_2R
HFT 055021-3;43119;Ride Control;K36;;FORJADA (STANDARD STEEL);;;;NOVA;;;3R;_HFT_0550213_3R
HFT 055021-3;43119;Ride Control;K36;;FORJADA (STANDARD STEEL);;;;NOVA;;;4R;_HFT_0550213_4R
HFT 055021-3;43119;Ride Control;K36;;FORJADA (STANDARD STEEL);;;;NOVA;;;4L;_HFT_0550213_4L
HFT 055021-3;43119;Ride Control;K36;;FORJADA (STANDARD STEEL);;;;NOVA;;;3L;_HFT_0550213_3L
HFT 055021-3;43119;Ride Control;K36;;FORJADA (STANDARD STEEL);;;;NOVA;;;2L;_HFT_0550213_2L
HFT 055021-3;43119;Ride Control;K36;;FORJADA (STANDARD STEEL);;;;NOVA;;;1L;_HFT_0550213_1L
HPT 030129-9;43124;Ride Control;K36;;FUNDIDA;;;;NOVA;;;1R;_HPT_0301299_1R
HPT 030129-9;43124;Ride Control;K36;;FUNDIDA;;;;NOVA;;;2R;_HPT_0301299_2R
HPT 030129-9;43124;Ride Control;K36;;FORJADA (STANDARD STEEL);;;;NOVA;;;3R;_HPT_0301299_3R
HPT 030129-9;43124;Ride Control;K36;;FORJADA (STANDARD STEEL);;;;NOVA;;;4R;_HPT_0301299_4R
HPT 030129-9;43124;Ride Control;K36;;FORJADA (STANDARD STEEL);;;;NOVA;;;4L;_HPT_0301299_4L
HPT 030129-9;43124;Ride Control;K36;;FORJADA (STANDARD STEEL);;;;NOVA;;;3L;_HPT_0301299_3L
HPT 030129-9;43124;Ride Control;K36;;FUNDIDA;;;;NOVA;;;2L;_HPT_0301299_2L
HPT 030129-9;43124;Ride Control;K36;;FUNDIDA;;;;NOVA;;;1L;_HPT_0301299_1L
HFT 098542-2;43150;Ride Control;K36;;FORJADA (STANDARD STEEL);;;;USINADA;;;1R;_HFT_0985422_1R
HFT 098542-2;43150;Ride Control;K36;;FORJADA (STANDARD STEEL);;;;USINADA;;;2R;_HFT_0985422_2R
HFT 098542-2;43150;Ride Control;K36;;FORJADA (STANDARD STEEL);;;;USINADA;;;3R;_HFT_0985422_3R
HFT 098542-2;43150;Ride Control;K36;;FORJADA (STANDARD STEEL);;;;USINADA;;;4R;_HFT_0985422_4R
HFT 098542-2;43150;Ride Control;K36;;FORJADA (STANDARD STEEL);;;;USINADA;;;4L;_HFT_0985422_4L
HFT 098542-2;43150;Ride Control;K36;;FORJADA (STANDARD STEEL);;;;USINADA;;;3L;_HFT_0985422_3L
HFT 098542-2;43150;Ride Control;K36;;FORJADA (STANDARD STEEL);;;;USINADA;;;2L;_HFT_0985422_2L
HFT 098542-2;43150;Ride Control;K36;;FORJADA (STANDARD STEEL);;;;USINADA;;;1L;_HFT_0985422_1L
HPT 030243-1;43174;Ride Control;K36;POLÍMERO LARGO;FUNDIDA;;43608;117442;NOVA;;NÃO;1R;43608_HPT_0302431_1R
HPT 030243-1;43174;Ride Control;K36;POLÍMERO LARGO;FUNDIDA;;43608;117442;NOVA;;NÃO;2R;43608_HPT_0302431_2R
HPT 030243-1;43174;Ride Control;K36;POLÍMERO LARGO;FUNDIDA;;43608;117442;NOVA;;NÃO;3R;43608_HPT_0302431_3R
HPT 030243-1;43174;Ride Control;K36;POLÍMERO LARGO;FUNDIDA;;43608;117442;NOVA;;NÃO;4R;43608_HPT_0302431_4R
HPT 030243-1;43174;Ride Control;K36;POLÍMERO LARGO;FUNDIDA;;43608;117442;NOVA;;NÃO;4L;43608_HPT_0302431_4L
HPT 030243-1;43174;Ride Control;K36;POLÍMERO LARGO;FUNDIDA;;43608;117442;NOVA;;NÃO;3L;43608_HPT_0302431_3L
HPT 030243-1;43174;Ride Control;K36;POLÍMERO LARGO;FUNDIDA;;43608;117442;NOVA;;NÃO;2L;43608_HPT_0302431_2L
HPT 030243-1;43174;Ride Control;K36;POLÍMERO LARGO;FUNDIDA;;43608;117442;NOVA;;NÃO;1L;43608_HPT_0302431_1L
HFT 840859-9;43171;Ride Master;K36;BORRACHA ESTREITO (Vibtech);FUNDIDA;;43608;121680;NOVA;;NÃO;1R;43608_HFT_8408599_1R
HFT 840859-9;43171;Ride Master;K36;BORRACHA ESTREITO (Vibtech);FUNDIDA;;43608;121680;NOVA;;NÃO;2R;43608_HFT_8408599_2R
HFT 840859-9;43171;Ride Master;K36;BORRACHA ESTREITO (Vibtech);FUNDIDA;;43608;121680;NOVA;;NÃO;3R;43608_HFT_8408599_3R
HFT 840859-9;43171;Ride Master;K36;BORRACHA ESTREITO (Vibtech);FUNDIDA;;43608;121680;NOVA;;NÃO;4R;43608_HFT_8408599_4R
HFT 840859-9;43171;Ride Master;K36;BORRACHA ESTREITO (Vibtech);FUNDIDA;;43608;121680;NOVA;;NÃO;4L;43608_HFT_8408599_4L
HFT 840859-9;43171;Ride Master;K36;BORRACHA ESTREITO (Vibtech);FUNDIDA;;43608;121680;NOVA;;NÃO;3L;43608_HFT_8408599_3L
HFT 840859-9;43171;Ride Master;K36;BORRACHA ESTREITO (Vibtech);FUNDIDA;;43608;121680;NOVA;;NÃO;2L;43608_HFT_8408599_2L
HFT 840859-9;43171;Ride Master;K36;BORRACHA ESTREITO (Vibtech);FUNDIDA;;43608;121680;NOVA;;NÃO;1L;43608_HFT_8408599_1L
HFT 841915-9;43181;Ride Control;K36;;FUNDIDA;;;;NOVA;;NÃO;1R;_HFT_8419159_1R
HFT 841915-9;43181;Ride Control;K36;;FUNDIDA;;;;NOVA;;NÃO;2R;_HFT_8419159_2R
HFT 841915-9;43181;Ride Control;K36;;FORJADA (STANDARD STEEL);;;;NOVA;;NÃO;3R;_HFT_8419159_3R
HFT 841915-9;43181;Ride Control;K36;;FORJADA (STANDARD STEEL);;;;NOVA;;NÃO;4R;_HFT_8419159_4R
HFT 841915-9;43181;Ride Control;K36;;FORJADA (STANDARD STEEL);;;;NOVA;;NÃO;4L;_HFT_8419159_4L
HFT 841915-9;43181;Ride Control;K36;;FORJADA (STANDARD STEEL);;;;NOVA;;NÃO;3L;_HFT_8419159_3L
HFT 841915-9;43181;Ride Control;K36;;FUNDIDA;;;;NOVA;;NÃO;2L;_HFT_8419159_2L
HFT 841915-9;43181;Ride Control;K36;;FUNDIDA;;;;NOVA;;NÃO;1L;_HFT_8419159_1L
HFT 841355-0;43124;Ride Master;K36;BORRACHA ESTREITO (Vibtech);FUNDIDA;;43643;141398;NOVA;;NÃO;1R;43643_HFT_8413550_1R
HFT 841355-0;43124;Ride Master;K36;BORRACHA ESTREITO (Vibtech);FUNDIDA;;43643;141398;NOVA;;NÃO;2R;43643_HFT_8413550_2R
HFT 841355-0;43124;Ride Master;K36;BORRACHA ESTREITO (Vibtech);FUNDIDA;;43643;141398;NOVA;;NÃO;3R;43643_HFT_8413550_3R
HFT 841355-0;43124;Ride Master;K36;BORRACHA ESTREITO (Vibtech);FUNDIDA;;43643;141398;NOVA;;NÃO;4R;43643_HFT_8413550_4R
HFT 841355-0;43124;Ride Master;K36;BORRACHA ESTREITO (Vibtech);FUNDIDA;;43643;141398;NOVA;;NÃO;4L;43643_HFT_8413550_4L
HFT 841355-0;43124;Ride Master;K36;BORRACHA ESTREITO (Vibtech);FUNDIDA;;43643;141398;NOVA;;NÃO;3L;43643_HFT_8413550_3L
HFT 841355-0;43124;Ride Master;K36;BORRACHA ESTREITO (Vibtech);FUNDIDA;;43643;141398;NOVA;;NÃO;2L;43643_HFT_8413550_2L
HFT 841355-0;43124;Ride Master;K36;BORRACHA ESTREITO (Vibtech);FUNDIDA;;43643;141398;NOVA;;NÃO;1L;43643_HFT_8413550_1L
HFT 842231-1;43237;Ride Control;K36;POLÍMERO LARGO;FUNDIDA;;43592;87849;NOVA;242;NÃO;1R;43592_HFT_8422311_1R
HFT 842231-1;43237;Ride Control;K36;POLÍMERO LARGO;FUNDIDA;;43592;87849;NOVA;240;NÃO;2R;43592_HFT_8422311_2R
HFT 842231-1;43237;Ride Control;K36;POLÍMERO LARGO;FUNDIDA;;43592;87849;NOVA;242;NÃO;3R;43592_HFT_8422311_3R
HFT 842231-1;43237;Ride Control;K36;POLÍMERO LARGO;FUNDIDA;;43592;87849;NOVA;242;NÃO;4R;43592_HFT_8422311_4R
HFT 842231-1;43237;Ride Control;K36;POLÍMERO LARGO;FUNDIDA;;43592;87849;NOVA;242;NÃO;4L;43592_HFT_8422311_4L
HFT 842231-1;43237;Ride Control;K36;POLÍMERO LARGO;FUNDIDA;;43592;87849;NOVA;242;NÃO;3L;43592_HFT_8422311_3L
HFT 842231-1;43237;Ride Control;K36;POLÍMERO LARGO;FUNDIDA;;43592;87849;NOVA;240;NÃO;2L;43592_HFT_8422311_2L
HFT 842231-1;43237;Ride Control;K36;POLÍMERO LARGO;FUNDIDA;;43592;87849;NOVA;242;NÃO;1L;43592_HFT_8422311_1L
HPT 030212-1;43175;Ride Control;K36;POLÍMERO LARGO;FUNDIDA;;43594;90831;NOVA;;NÃO;1R;43594_HPT_0302121_1R
HPT 030212-1;43175;Ride Control;K36;POLÍMERO LARGO;FUNDIDA;;43594;90831;NOVA;;NÃO;2R;43594_HPT_0302121_2R
HPT 030212-1;43175;Ride Control;K36;POLÍMERO LARGO;FUNDIDA;;43594;90831;NOVA;;NÃO;3R;43594_HPT_0302121_3R
HPT 030212-1;43175;Ride Control;K36;POLÍMERO LARGO;FUNDIDA;;43594;90831;NOVA;;NÃO;4R;43594_HPT_0302121_4R
HPT 030212-1;43175;Ride Control;K36;POLÍMERO LARGO;FUNDIDA;;43594;90831;NOVA;;NÃO;4L;43594_HPT_0302121_4L
HPT 030212-1;43175;Ride Control;K36;POLÍMERO LARGO;FUNDIDA;;43594;90831;NOVA;;NÃO;3L;43594_HPT_0302121_3L
HPT 030212-1;43175;Ride Control;K36;POLÍMERO LARGO;FUNDIDA;;43594;90831;NOVA;;NÃO;2L;43594_HPT_0302121_2L
HPT 030212-1;43175;Ride Control;K36;POLÍMERO LARGO;FUNDIDA;;43594;90831;NOVA;;NÃO;1L;43594_HPT_0302121_1L
HFT 842335-1;43277;Ride Control;K36;POLÍMERO LARGO;FUNDIDA;;43606;85351;NOVA;;NÃO;1R;43606_HFT_8423351_1R
HFT 842335-1;43277;Ride Control;K36;POLÍMERO LARGO;FUNDIDA;;43606;85351;NOVA;;NÃO;2R;43606_HFT_8423351_2R
HFT 842335-1;43277;Ride Control;K36;POLÍMERO LARGO;FUNDIDA;;43606;85351;NOVA;;NÃO;3R;43606_HFT_8423351_3R
HFT 842335-1;43277;Ride Control;K36;POLÍMERO LARGO;FUNDIDA;;43606;85351;NOVA;;NÃO;4R;43606_HFT_8423351_4R
HFT 842335-1;43277;Ride Control;K36;POLÍMERO LARGO;FUNDIDA;;43606;85351;NOVA;;NÃO;4L;43606_HFT_8423351_4L
HFT 842335-1;43277;Ride Control;K36;POLÍMERO LARGO;FUNDIDA;;43606;85351;NOVA;;NÃO;3L;43606_HFT_8423351_3L
HFT 842335-1;43277;Ride Control;K36;POLÍMERO LARGO;FUNDIDA;;43606;85351;NOVA;;NÃO;2L;43606_HFT_8423351_2L
HFT 842335-1;43277;Ride Control;K36;POLÍMERO LARGO;FUNDIDA;;43606;85351;NOVA;;NÃO;1L;43606_HFT_8423351_1L
HFT 842354-7;43335;Ride Control;K36;NÃO;FUNDIDA;;43662;74585;NOVA;;NÃO;1R;43662_HFT_8423547_1R
HFT 842354-7;43335;Ride Control;K36;NÃO;FUNDIDA;;43662;74585;USINADA;;NÃO;2R;43662_HFT_8423547_2R
HFT 842354-7;43335;Ride Control;K36;NÃO;FUNDIDA;;43662;74585;NOVA;;NÃO;3R;43662_HFT_8423547_3R
HFT 842354-7;43335;Ride Control;K36;NÃO;FUNDIDA;;43662;74585;NOVA;;NÃO;4R;43662_HFT_8423547_4R
HFT 842354-7;43335;Ride Control;K36;NÃO;FUNDIDA;;43662;74585;NOVA;;NÃO;4L;43662_HFT_8423547_4L
HFT 842354-7;43335;Ride Control;K36;NÃO;FUNDIDA;;43662;74585;NOVA;;NÃO;3L;43662_HFT_8423547_3L
HFT 842354-7;43335;Ride Control;K36;NÃO;FUNDIDA;;43662;74585;USINADA;;NÃO;2L;43662_HFT_8423547_2L
HFT 842354-7;43335;Ride Control;K36;NÃO;FUNDIDA;;43662;74585;NOVA;;NÃO;1L;43662_HFT_8423547_1L
HFT 842103-0;43515;Ride Control;K36;BORRACHA LARGO (Vibtech);FUNDIDA;;43593;20395;NOVA;241;NÃO;1R;43593_HFT_8421030_1R
HFT 842103-0;43515;Ride Control;K36;BORRACHA LARGO (Vibtech);FUNDIDA;;43593;20395;NOVA;242;NÃO;2R;43593_HFT_8421030_2R
HFT 842103-0;43515;Ride Control;K36;BORRACHA LARGO (Vibtech);FUNDIDA;;43593;20395;NOVA;235;NÃO;3R;43593_HFT_8421030_3R
HFT 842103-0;43515;Ride Control;K36;BORRACHA LARGO (Vibtech);FUNDIDA;;43593;20395;NOVA;240;NÃO;4R;43593_HFT_8421030_4R
HFT 842103-0;43515;Ride Control;K36;BORRACHA LARGO (Vibtech);FUNDIDA;;43593;20395;NOVA;240;NÃO;4L;43593_HFT_8421030_4L
HFT 842103-0;43515;Ride Control;K36;BORRACHA LARGO (Vibtech);FUNDIDA;;43593;20395;NOVA;235;NÃO;3L;43593_HFT_8421030_3L
HFT 842103-0;43515;Ride Control;K36;BORRACHA LARGO (Vibtech);FUNDIDA;;43593;20395;NOVA;242;NÃO;2L;43593_HFT_8421030_2L
HFT 842103-0;43515;Ride Control;K36;BORRACHA LARGO (Vibtech);FUNDIDA;;43593;20395;NOVA;241;NÃO;1L;43593_HFT_8421030_1L
HFT 841944-2;43514;Ride Control;K36 (Eixo Tub);BORRACHA LARGO (Vibtech);FUNDIDA;;43606;23659;NOVA;;NÃO;1R;43606_HFT_8419442_1R
HFT 841944-2;43514;Ride Control;K36 (Eixo Tub);BORRACHA LARGO (Vibtech);FUNDIDA;;43606;23659;NOVA;;NÃO;2R;43606_HFT_8419442_2R
HFT 841944-2;43514;Ride Control;K36 (Eixo Tub);BORRACHA LARGO (Vibtech);FUNDIDA;;43606;23659;NOVA;;NÃO;3R;43606_HFT_8419442_3R
HFT 841944-2;43514;Ride Control;K36 (Eixo Tub);BORRACHA LARGO (Vibtech);FUNDIDA;;43606;23659;NOVA;;NÃO;4R;43606_HFT_8419442_4R
HFT 841944-2;43514;Ride Control;K36 (Eixo Tub);BORRACHA LARGO (Vibtech);FUNDIDA;;43606;23659;NOVA;;NÃO;4L;43606_HFT_8419442_4L
HFT 841944-2;43514;Ride Control;K36 (Eixo Tub);BORRACHA LARGO (Vibtech);FUNDIDA;;43606;23659;NOVA;;NÃO;3L;43606_HFT_8419442_3L
HFT 841944-2;43514;Ride Control;K36 (Eixo Tub);BORRACHA LARGO (Vibtech);FUNDIDA;;43606;23659;NOVA;;NÃO;2L;43606_HFT_8419442_2L
HFT 841944-2;43514;Ride Control;K36 (Eixo Tub);BORRACHA LARGO (Vibtech);FUNDIDA;;43606;23659;NOVA;;NÃO;1L;43606_HFT_8419442_1L
HPT 032627-5;43381;Ride Control;K36 (Microligada);;FUNDIDA;;;;NOVA;;;1R;_HPT_0326275_1R
HPT 032627-5;43381;Ride Control;K36 (Microligada);;FUNDIDA;;;;NOVA;;;2R;_HPT_0326275_2R
HPT 032627-5;43381;Ride Control;K36 (Microligada);;FUNDIDA;;;;NOVA;;;3R;_HPT_0326275_3R
HPT 032627-5;43381;Ride Control;K36 (Microligada);;FUNDIDA;;;;NOVA;;;4R;_HPT_0326275_4R
HPT 032627-5;43381;Ride Control;K36 (Microligada);;FUNDIDA;;;;NOVA;;;4L;_HPT_0326275_4L
HPT 032627-5;43381;Ride Control;K36 (Microligada);;FUNDIDA;;;;NOVA;;;3L;_HPT_0326275_3L
HPT 032627-5;43381;Ride Control;K36 (Microligada);;FUNDIDA;;;;NOVA;;;2L;_HPT_0326275_2L
HPT 032627-5;43381;Ride Control;K36 (Microligada);;FUNDIDA;;;;NOVA;;;1L;
HFT 842088-2;43373;Ride Control;K36 (Microligada);;FUNDIDA;;;;NOVA;;;1R;
HFT 842088-2;43373;Ride Control;K36 (Microligada);;FUNDIDA;;;;NOVA;;;2R;
HFT 842088-2;43373;Ride Control;K36 (Microligada);;FUNDIDA;;;;NOVA;;;3R;
HFT 842088-2;43373;Ride Control;K36 (Microligada);;FUNDIDA;;;;NOVA;;;4R;
HFT 842088-2;43373;Ride Control;K36 (Microligada);;FUNDIDA;;;;NOVA;;;4L;
HFT 842088-2;43373;Ride Control;K36 (Microligada);;FUNDIDA;;;;NOVA;;;3L;
HFT 842088-2;43373;Ride Control;K36 (Microligada);;FUNDIDA;;;;NOVA;;;2L;
HFT 842088-2;43373;Ride Control;K36 (Microligada);;FUNDIDA;;;;NOVA;;;1L;
HFT 055577-1;43404;Ride Control;K36 (Microligada);;FUNDIDA;;;;NOVA;;;1R;
HFT 055577-1;43404;Ride Control;K36 (Microligada);;FUNDIDA;;;;NOVA;;;2R;
HFT 055577-1;43404;Ride Control;K36 (Microligada);;FUNDIDA;;;;NOVA;;;3R;
HFT 055577-1;43404;Ride Control;K36 (Microligada);;FUNDIDA;;;;NOVA;;;4R;
HFT 055577-1;43404;Ride Control;K36 (Microligada);;FUNDIDA;;;;NOVA;;;4L;
HFT 055577-1;43404;Ride Control;K36 (Microligada);;FUNDIDA;;;;NOVA;;;3L;
HFT 055577-1;43404;Ride Control;K36 (Microligada);;FUNDIDA;;;;NOVA;;;2L;
HFT 055577-1;43404;Ride Control;K36 (Microligada);;FUNDIDA;;;;NOVA;;;1L;
HFT 099177-5;43389;Ride Control;K36 (Microligada);;FUNDIDA;;;;NOVA;;;1R;
HFT 099177-5;43389;Ride Control;K36 (Microligada);;FUNDIDA;;;;NOVA;;;2R;
HFT 099177-5;43389;Ride Control;K36 (Microligada);;FUNDIDA;;;;NOVA;;;3R;
HFT 099177-5;43389;Ride Control;K36 (Microligada);;FUNDIDA;;;;NOVA;;;4R;
HFT 099177-5;43389;Ride Control;K36 (Microligada);;FUNDIDA;;;;NOVA;;;4L;
HFT 099177-5;43389;Ride Control;K36 (Microligada);;FUNDIDA;;;;NOVA;;;3L;
HFT 099177-5;43389;Ride Control;K36 (Microligada);;FUNDIDA;;;;NOVA;;;2L;
HFT 099177-5;43389;Ride Control;K36 (Microligada);;FUNDIDA;;;;NOVA;;;1L;
HFT 055709-9;43388;Ride Control;K36 (Microligada);;FUNDIDA;;;;NOVA;;;1R;
HFT 055709-9;43388;Ride Control;K36 (Microligada);;FUNDIDA;;;;NOVA;;;2R;
HFT 055709-9;43388;Ride Control;K36 (Microligada);;FUNDIDA;;;;NOVA;;;3R;
HFT 055709-9;43388;Ride Control;K36 (Microligada);;FUNDIDA;;;;NOVA;;;4R;
HFT 055709-9;43388;Ride Control;K36 (Microligada);;FUNDIDA;;;;NOVA;;;4L;
HFT 055709-9;43388;Ride Control;K36 (Microligada);;FUNDIDA;;;;NOVA;;;3L;
HFT 055709-9;43388;Ride Control;K36 (Microligada);;FUNDIDA;;;;NOVA;;;2L;
HFT 055709-9;43388;Ride Control;K36 (Microligada);;FUNDIDA;;;;NOVA;;;1L;
HPT 031866-3;43392;Ride Control;K36 (Microligada);;FUNDIDA;;;;NOVA;;;1R;
HPT 031866-3;43392;Ride Control;K36 (Microligada);;FUNDIDA;;;;NOVA;;;2R;
HPT 031866-3;43392;Ride Control;K36 (Microligada);;FUNDIDA;;;;NOVA;;;3R;
HPT 031866-3;43392;Ride Control;K36 (Microligada);;FUNDIDA;;;;NOVA;;;4R;
HPT 031866-3;43392;Ride Control;K36 (Microligada);;FUNDIDA;;;;NOVA;;;4L;
HPT 031866-3;43392;Ride Control;K36 (Microligada);;FUNDIDA;;;;NOVA;;;3L;
HPT 031866-3;43392;Ride Control;K36 (Microligada);;FUNDIDA;;;;NOVA;;;2L;
HPT 031866-3;43392;Ride Control;K36 (Microligada);;FUNDIDA;;;;NOVA;;;1L;
HPT 033594-1;43391;Ride Control;K36 (Microligada);;FUNDIDA;;;;NOVA;;;1R;
HPT 033594-1;43391;Ride Control;K36 (Microligada);;FUNDIDA;;;;NOVA;;;2R;
HPT 033594-1;43391;Ride Control;K36 (Microligada);;FUNDIDA;;;;NOVA;;;3R;
HPT 033594-1;43391;Ride Control;K36 (Microligada);;FUNDIDA;;;;NOVA;;;4R;
HPT 033594-1;43391;Ride Control;K36 (Microligada);;FUNDIDA;;;;NOVA;;;4L;
HPT 033594-1;43391;Ride Control;K36 (Microligada);;FUNDIDA;;;;NOVA;;;3L;
HPT 033594-1;43391;Ride Control;K36 (Microligada);;FUNDIDA;;;;NOVA;;;2L;
HPT 033594-1;43391;Ride Control;K36 (Microligada);;FUNDIDA;;;;NOVA;;;1L;
HFT 842004-1;43431;Ride Control;K36;;FUNDIDA;;;;NOVA;;;1R;
HFT 842004-1;43431;Ride Control;K36;;FUNDIDA;;;;NOVA;;;2R;
HFT 842004-1;43431;Ride Control;K36 (Microligada);;FUNDIDA;;;;NOVA;;;3R;
HFT 842004-1;43431;Ride Control;K36 (Microligada);;FUNDIDA;;;;NOVA;;;4R;
HFT 842004-1;43431;Ride Control;K36 (Microligada);;FUNDIDA;;;;NOVA;;;4L;
HFT 842004-1;43431;Ride Control;K36 (Microligada);;FUNDIDA;;;;NOVA;;;3L;
HFT 842004-1;43431;Ride Control;K36;;FUNDIDA;;;;NOVA;;;2L;
HFT 842004-1;43431;Ride Control;K36;;FUNDIDA;;;;NOVA;;;1L;
HPT 844267-3;43432;Ride Master;K36;;FUNDIDA;;;;NOVA;;;1R;
HPT 844267-3;43432;Ride Master;K36;;FUNDIDA;;;;NOVA;;;2R;
HPT 844267-3;43432;Ride Master;K36 (Microligada);;FUNDIDA;;;;NOVA;;;3R;
HPT 844267-3;43432;Ride Master;K36 (Microligada);;FUNDIDA;;;;NOVA;;;4R;
HPT 844267-3;43432;Ride Master;K36 (Microligada);;FUNDIDA;;;;NOVA;;;4L;
HPT 844267-3;43432;Ride Master;K36 (Microligada);;FUNDIDA;;;;NOVA;;;3L;
HPT 844267-3;43432;Ride Master;K36;;FUNDIDA;;;;NOVA;;;2L;
HPT 844267-3;43432;Ride Master;K36;;FUNDIDA;;;;NOVA;;;1L;
HFT 099082-5;43434;Ride Control;K36 (Microligada);;FUNDIDA;;;;NOVA;;;1R;
HFT 099082-5;43434;Ride Control;K36;;FUNDIDA;;;;NOVA;;;2R;
HFT 099082-5;43434;Ride Control;K36 (Microligada);;FUNDIDA;;;;NOVA;;;3R;
HFT 099082-5;43434;Ride Control;K36;;FUNDIDA;;;;NOVA;;;4R;
HFT 099082-5;43434;Ride Control;K36;;FUNDIDA;;;;NOVA;;;4L;
HFT 099082-5;43434;Ride Control;K36 (Microligada);;FUNDIDA;;;;NOVA;;;3L;
HFT 099082-5;43434;Ride Control;K36;;FUNDIDA;;;;NOVA;;;2L;
HFT 099082-5;43434;Ride Control;K36 (Microligada);;FUNDIDA;;;;NOVA;;;1L;
HPT 030087-0;43434;Ride Control;K36 (Microligada);;FUNDIDA;;;;NOVA;;;1R;
HPT 030087-0;43434;Ride Control;K36 (Microligada);;FUNDIDA;;;;NOVA;;;2R;
HPT 030087-0;43434;Ride Control;K36;;FUNDIDA;;;;NOVA;;;3R;
HPT 030087-0;43434;Ride Control;K36;;FUNDIDA;;;;NOVA;;;4R;
HPT 030087-0;43434;Ride Control;K36;;FUNDIDA;;;;NOVA;;;4L;
HPT 030087-0;43434;Ride Control;K36;;FUNDIDA;;;;NOVA;;;3L;
HPT 030087-0;43434;Ride Control;K36 (Microligada);;FUNDIDA;;;;NOVA;;;2L;
HPT 030087-0;43434;Ride Control;K36 (Microligada);;FUNDIDA;;;;NOVA;;;1L;
HPT 031121-9;43467;Ride Control;K36;;FUNDIDA;;;;NOVA;;;1R;
HPT 031121-9;43467;Ride Control;K36;;FUNDIDA;;;;NOVA;;;2R;
HPT 031121-9;43467;Ride Control;K36 (Microligada);;FUNDIDA;;;;NOVA;;;3R;
HPT 031121-9;43467;Ride Control;K36 (Microligada);;FUNDIDA;;;;NOVA;;;4R;
HPT 031121-9;43467;Ride Control;K36 (Microligada);;FUNDIDA;;;;NOVA;;;4L;
HPT 031121-9;43467;Ride Control;K36 (Microligada);;FUNDIDA;;;;NOVA;;;3L;
HPT 031121-9;43467;Ride Control;K36;;FUNDIDA;;;;NOVA;;;2L;
HPT 031121-9;43467;Ride Control;K36;;FUNDIDA;;;;NOVA;;;1L;
HFT 842082-3;43467;Ride Control;K36;;FUNDIDA;;;;NOVA;;;1R;
HFT 842082-3;43467;Ride Control;K36 (Microligada);;FUNDIDA;;;;NOVA;;;2R;
HFT 842082-3;43467;Ride Control;K36 (Microligada);;FUNDIDA;;;;NOVA;;;3R;
HFT 842082-3;43467;Ride Control;K36;;FUNDIDA;;;;NOVA;;;4R;
HFT 842082-3;43467;Ride Control;K36;;FUNDIDA;;;;NOVA;;;4L;
HFT 842082-3;43467;Ride Control;K36 (Microligada);;FUNDIDA;;;;NOVA;;;3L;
HFT 842082-3;43467;Ride Control;K36 (Microligada);;FUNDIDA;;;;NOVA;;;2L;
HFT 842082-3;43467;Ride Control;K36;;FUNDIDA;;;;NOVA;;;1L;
HPT 031766-7;43476;Ride Control;K36;;FUNDIDA;;;;NOVA;;;1R;
HPT 031766-7;43476;Ride Control;K36 (Microligada);;FUNDIDA;;;;NOVA;;;2R;
HPT 031766-7;43476;Ride Control;K36 (Microligada);;FUNDIDA;;;;NOVA;;;3R;
HPT 031766-7;43476;Ride Control;K36;;FUNDIDA;;;;NOVA;;;4R;
HPT 031766-7;43476;Ride Control;K36;;FUNDIDA;;;;NOVA;;;4L;
HPT 031766-7;43476;Ride Control;K36 (Microligada);;FUNDIDA;;;;NOVA;;;3L;
HPT 031766-7;43476;Ride Control;K36 (Microligada);;FUNDIDA;;;;NOVA;;;2L;
HPT 031766-7;43476;Ride Control;K36;;FUNDIDA;;;;NOVA;;;1L;
HFT 091100-3;43503;Ride Master;K36;;FUNDIDA;;;;NOVA;;;1R;
HFT 091100-3;43503;Ride Master;K36 (Microligada);;FUNDIDA;;;;NOVA;;;2R;
HFT 091100-3;43503;Ride Master;K36 (Microligada);;FUNDIDA;;;;NOVA;;;3R;
HFT 091100-3;43503;Ride Master;K36;;FUNDIDA;;;;NOVA;;;4R;
HFT 091100-3;43503;Ride Master;K36;;FUNDIDA;;;;NOVA;;;4L;
HFT 091100-3;43503;Ride Master;K36 (Microligada);;FUNDIDA;;;;NOVA;;;3L;
HFT 091100-3;43503;Ride Master;K36 (Microligada);;FUNDIDA;;;;NOVA;;;2L;
HFT 091100-3;43503;Ride Master;K36;;FUNDIDA;;;;NOVA;;;1L;
HFT 841354-1;43555;Ride Master;K36;;FUNDIDA;;;;NOVA;;;1R;
HFT 841354-1;43555;Ride Master;K36 (Microligada);;FUNDIDA;;;;NOVA;;;2R;
HFT 841354-1;43555;Ride Master;K36 (Microligada);;FUNDIDA;;;;NOVA;;;3R;
HFT 841354-1;43555;Ride Master;K36;;FUNDIDA;;;;NOVA;;;4R;
HFT 841354-1;43555;Ride Master;K36;;FUNDIDA;;;;NOVA;;;4L;
HFT 841354-1;43555;Ride Master;K36 (Microligada);;FUNDIDA;;;;NOVA;;;3L;
HFT 841354-1;43555;Ride Master;K36 (Microligada);;FUNDIDA;;;;NOVA;;;2L;
HFT 841354-1;43555;Ride Master;K36;;FUNDIDA;;;;NOVA;;;1L;
